ID,Legacy ID,Name,Coder Initials,Notes,Org to plot link,,,
1,OrgAU1,Vienna Tawhid Mosque Recruitment Cell,JC,,,,,
2,OrgAU2,Sahaba Mosque Recruitment Cell,JC,,,,,
3,OrgAUS1,Al-Furqan Islamic Centre,JC,,"OrgAUS1 ""director of"" PlotAUS18",,,
4,OrgAUS2,Al-Risalah Bookshop,JC,,,,,
5,OrgAUS3,Islamic Information and Support Center of Australia Recruitment Cell,JC,,,,,
7,OrgAUS5,NSW Training Camp,JC,,"OrgAUS5 ""director of"" PlotAUS5",,,
8,OrgAUS6,Sharia4Australia,JC,,,,,
313,OrgAUS7,Naizmand/Appleby Group,JC,,"""Director of"" PlotAUS8, 24, 12, 25, 21, 16, 22",,,
315,OrgAUS8,Bukhari House Islamic Bookstore,JC,,,,,
316,OrgAUS9,Hume Islamic Youth Centre Recruitment Cell,JC,,,,,
9,OrgBEL1,Centre Islamique Belge Recruitment Cell,JC,,"""director of"" PlotBEL,12",,,
10,OrgBEL2,Sharia4Belgium,JC,,,,,
11,OrgBEL3,Shariah Sisters,JC,,,,,
287,OrgBEL4,Resto du Tawhid,JC,,,,,
292,OrgBEL5,Zerkani Network,JC,,,,,
293,OrgBEL6,Kamikaze Riders Motorcycle Club,JC,,,,,
297,OrgBEL7,Kari Network,JC,,,,,
25,OrgBEL8,Minbar SOS (French-language forum),JC,,,,,
375,OrgBEL9,Belgium and France ISIS Terror Cell,JC,,"""Financial/logistical supporter of"" PlotFR136, 105",,,
12,OrgCN1,Al-Rahman Islamic Center Recruitment Cell,JC,,"""Inspiration for"" PlotCN7",,,
339,OrgCN2,Calgary Mosque Recruitment Cell,JC,,,,,
205,OrgCN25,Abu Huraira Centre Mosque Recruitment Cell,JC,,,,,
374,OrgCN26,8th and 8th Radical Cell Calgary,JC,,,,,
13,OrgDK1,Call to Islam,JC,,,,,
14,OrgDK10,Quba Copenhagen Recruitment Cell,JC,,,,,
333,OrgDK12,Hjaelp4Syrien,JC,,,,,
354,OrgDK13,Milatu Ibrahim,JC,,,,,
16,OrgDK2,Det Islamiske Trosamfund Recruitment Cell,JC,,,,,
17,OrgDK3,Grimhoj Mosque Recruitment Activity,JC,,,,,
18,OrgDK5,Heimdalsgade Taiba Recruitment Cell,JC,,,,,
19,OrgDK7,Masjid Al-Faroq,JC,,,,,
20,OrgDK8,Nordre Fasanvej Mosque Recruitment Cell,JC,,"""Recruitment for"" PlotNOR1",,,
21,OrgDK9,Odense Mosque Recruitment Cell,JC,,,,,
22,OrgFR1,Adda'Wa Mosque,JC,,"""Recruiting for"" PlotFR20",,,
23,OrgFR10,Mantes la Jolie Recruitment Cell,JC,,"""Inspiration for"" PlotIT6",,,
26,OrgFR13,Mosquée de la Rue Archimède Recruitment Cell,JC,,,,,
27,OrgFR14,Mosquee Essalam de la Conte Recruitment Cell,JC,,"""Inspiration for"" PlotFR24",,,
28,OrgFR15,Mouvement de la Jeunesse Islamique Marocaine,JC,,,,,
29,OrgFR16,Omar Mosque Recruitment Cell,JC,,,,,
30,OrgFR17,Trappes Mosque Recruitment Cell,JC,,"""Supporter of"" PlotFR18",,,
31,OrgFR18,Voix des Opprimes,JC,,,,,
32,OrgFR19,Rue Myrha Mosque,JC,,,,,
33,OrgFR2,Al Mourabitoune (French-language forum),JC,,,,,
34,OrgFR20,Sanabil Association,JC,,,,,
35,OrgFR21,El Baraka Mosque Recruitment Cell,JC,,,,,
282,OrgFR22,Lunel Recruitment Ring,JC,,,,,
296,OrgFR24,Buttes-Chaumont network,JC,,,,,
307,OrgFR25,Cannes-Torcy Recruitment Cell,JC,,"""Recruitment for"" PlotFR99",,,
308,OrgFR26,Artigat Recruitment Ring,JC,,,,,
309,OrgFR27,Chain of Champigny sur Marne,JC,,,,,
146,OrgFR28,Ansar al-Haqq Forum,JC,,,,,
355,OrgFR29,French Training Camps,JC,,,,,
36,OrgFR3,Ansar al-Fath,JC,,,,,
362,OrgFR30,"""As-Sunnah"" Prayer Room",JC,,,,,
370,OrgFR31,Belmir Family,JC,,,,,
37,OrgFR5,Centre Islamique des Alpes-Maritimes Recruitment Cell,JC,,"""Director of"" PlotFR102",,,
38,OrgFR6,Forsane Alizza,JC,,,,,
39,OrgFR7,Roubaix Gang (GIA),JC,,,,,
40,OrgFR8,La Mosquee de la Reynerie Recruitment Cell,JC,,"""Recruiting for"" PlotFR22",,,
41,OrgFR9,Le Sona Restaurant,JC,,"""Financial/logistical supporter of"" PlotFR70",,,
42,OrgGER1,Al-Nur Mosque Recruitment Cell,JC,,,,,
43,OrgGER10,King Fahd Academy - Bonn,JC,,,,,
44,OrgGER11,Marienstrasse Apartment,JC,,,,,
45,OrgGER12,Millatu Ibrahim,JC,,,,,
46,OrgGER13,Milli Gorus Recruitment Cell,JC,,,,,
47,OrgGER14,Multikulturhaus Mosque,JC,,,,,
48,OrgGER15,Schabab an-Nur Moschee Recruitment Cell,JC,,,,,
49,OrgGER16,Solingen Mosque,JC,,,,,
50,OrgGER17,German Taliban,JC,Only did org to org. Will go back and do org to plot,,,,
51,OrgGER18,Ibad al-Rahman Mosque Recruitment Cell,JC,,"""Recruiting for"" PlotGER45",,,
52,OrgGER19,Muhsinin Mosque Recruitment Cell,JC,,"""Financial/Logistical Supporter of"" PlotGER15",,,
53,OrgGER2,Al-Quds Mosque,JC,,,,,
54,OrgGER20,Brunswick Islam School Recruitment Cell,JC,,,,,
55,OrgGER21,Ansaar International,JC,Financial supporter of Hamas,,,,
318,OrgGER22,Abu Walaa Recruitment Ring,JC,JC,,,,
320,OrgGER23,Silent Transit Islamist Terror Cell,JC,Financial supporter of ISIS,,,,
321,OrgGER24,Fussilet 33 Mosque,JC,,,,,
340,OrgGER25,Almadinah Islamic Culture Organization,JC,No links,,,,
345,OrgGER26,Bilal Mosque,JC,,,,,
348,OrgGER27,Elif Medya,JC,,,,,
364,OrgGER28,Al Salam 313,,,,,,
288,OrgGER29,ShamToday,JC,,,,,
56,OrgGER3,Al-Taqwa Mosque Recruitment Cell,JC,,,,,
371,OrgGER30,Owais al-Qorani Brigade,JC,,,,,
24,OrgGER31,Milan Cell - Frankfurt/Meliani Cell,JC,,Director of PlotFR95 and PlotBEL34,,,
379,OrgGER32,Tauhid Berlin,JC,,,,,
57,OrgGER4,Die Wahre Religion,JC,,,,,
58,OrgGER5,Duisburg Mosque Recruitment Cell,JC,,,,,
59,OrgGER6,Einladung zum Paradies,JC,,,,,
60,OrgGER8,Greifswald mosque Recruitment Cell,JC,,,,,
61,OrgGER9,Islamiche Informationszentrum,JC,,,,,
62,OrgINT1,Afghan Taliban,JC,,,,,
63,OrgINT10,al-Gama'at al-Islamiyya,JC,,,,,
284,OrgINT100,Jaysh Muhammad in Bilad al-Sham,JC,,,,,
285,OrgINT101,Lohberger Brigade,JC,,,,,
276,OrgINT102,Al Qaeda in the Indian Subcontinent,JC,,,,,
275,OrgINT103,Supporters of Sharia,JC,,,,,
257,OrgINT104,Moro Islamic Liberation Front,JC,,,,,
290,OrgINT106,Suqour al-Sham,JC,Merged with orgINT75,,,,
298,OrgINT108,Junud al-Sham,JC,,,,,
291,OrgINT109,Al-Khanssaa Brigade,JC,,,,,
64,OrgINT11,Egyptian Islamic Jihad,JC,Merged with orgINT20,,,,
289,OrgINT110,Katibat Al-Aqsa,JC,,,,,
299,OrgINT111,Caucasus Emirate,JC,,,,,
300,OrgINT112,Jund al-Aqsa,JC,,,,,
302,OrgINT113,Moroccan Network,JC,,,,,
311,OrgINT114,Firqat al-Ghuraba,JC,,,,,
334,OrgINT116,Suleiman Brigade,JC,,,,,
319,OrgINT117,Didi Nwe Organisation,JC,,,,,
349,OrgINT118,Anwar al-Awlaki Brigade,,,,,,
357,OrgINT119,Electronic Horizons Foundation,,,,,,
65,OrgINT12,Muslim Brotherhood,JC,,,,,
358,OrgINT120,Amaq News Agency,,,,,,
366,OrgINT121,Katibat al-Muhajirin,,,,,,
367,OrgINT122,Mohammad Jamal Network,,,,,,
368,OrgINT123,Neo-Jama’atul Mujahideen Bangladesh,,,,,,
369,OrgINT124,Sheikh Omar Abdul Rahman Brigade,,,,,,
373,OrgINT125,Shariah4Bangladesh,,,,,,
337,OrgINT126,The Beatles Gang,,,,,,
376,OrgINT127,Hay’at Tahrir al-Sham,,,,,,
377,OrgINT128,Tariq ibn Ziyad Battalion (AQIM),,,,,,
378,OrgINT129,al-Furqan Squadron (AQIM),,,,,,
66,OrgINT13,Muslim Brotherhood Palestine Committee,JC,,,,,
67,OrgINT14,Takfir wal-Hijra,JC,,,,,
68,OrgINT15,Islamic Jihad Movement in Palestine ,JC,,,,,
69,OrgINT16,Pankisi Gorge Training Camp,JC,,,,,
70,OrgINT17,Jemaah Islamiya,JC,,"OrgINT17 ""Director of"" PlotINT4",,,
71,OrgINT18,Sunni Movement for Indonesian Society,JC,,,,,
73,OrgINT2,Derunta Training Camp,JC,,,,,
74,OrgINT20,Al-Qaeda,JC,,"OrgINT20 ""Director of"" PlotUS39",,,
75,OrgINT21,al-Qimmah Forum,JC,,,,,
76,OrgINT22,Ansar al-Sharia,JC,,"OrgINT22 ""Director of"" PlotINT14",,,
79,OrgINT25,Care International,JC,,"OrgINT25 ""Financial/Logisitical supporter of"" orgINT20",,,
80,OrgINT26,Fida Forum,JC,,,,,
81,OrgINT27,Global Islamic Media Front,JC,,,,,
82,OrgINT28,Hizb ut-Tahrir,JC,,,,,
84,OrgINT3,Mes Aynak Training Camp,JC,,,,,
85,OrgINT30,Inspire Media Productions,JC,,,,,
86,OrgINT31,Salafia Jihadia,JC,,,,,
87,OrgINT32,Shmukh Forum,JC,,,,,
88,OrgINT33,Signed in Blood Brigade,JC,,,,,
89,OrgINT34,Soldiers of Allah,JC,,,,,
90,OrgINT35,Tabligh Jamaat,JC,maybe remove?,,,,
91,OrgINT36,Quds Force,JC,removed,,,,
92,OrgINT37,Revolutionary Guard Training Camp,JC,maybe remove?,,,,
93,OrgINT38,Al-Qaeda in Iraq,JC,Merged with [orgINT20],,,,
94,OrgINT39,Ansar Al-Islam,JC,Merged with [orgINT41],,,,
95,OrgINT4,Tarnak Farms Training Camps,JC,,,,,
96,OrgINT40,Ansar al-Mahdi,JC,,,,,
97,OrgINT41,Islamic State of Iraq and the Levant,JC,,,,,
98,OrgINT42,Amal Militia,JC,,,,,
99,OrgINT43,Fatah al-Islam,JC,,,,,
100,OrgINT44,Hezbollah,JC,,,,,
101,OrgINT45,Hezbollah Training Camp,Jc,,,,,
102,OrgINT46,Libyan Islamic Fighting Group,JC,Merged with [orgINT20],,,,
103,OrgINT48,Groupe Islamique Combattant Marocain,JC,,,,,
104,OrgINT49,Boko Haram,JC,,,,,
105,OrgINT5,Al-Ansar Newsletter,JC,,,,,
106,OrgINT50,Al Farouq Training Camp,JC,,,,,
107,OrgINT51,Harakat ul-Jihad al-Islami,Jc,,,,,
108,OrgINT52,Harakat ul-Mujahidin Training Camp,JC,,,,,
109,OrgINT53,Harakat-ul-Mujahidin,JC,,,,,
110,OrgINT54,Hudaybiyah,JC,,,,,
111,OrgINT55,IJU Waziristan Training Camp,JC,,,,,
112,OrgINT56,Jaish-e-Mohammed,JC,,,,,
113,OrgINT57,Jaish-e-Mohammed Training Camp,JC,,,,,
114,OrgINT58,Lashkar e-Toyyaba,JC,,"OrgINT58 ""Director of"" PlotINT3",,,
115,OrgINT59,Malakand Training Camp,JC,,,,,
116,OrgINT6,Islamic Salvation Front,JC,,,,,
117,OrgINT60,Mir Ali Training Camp,JC,,,,,
118,OrgINT61,Pakistani Taliban,JC,,,,,
120,OrgINT63,Islamic Army of Palestine,JC,,,,,
122,OrgINT65,Abu Sayyaf,JC,,,,,
123,OrgINT66,Al-Baraka Investment and Development Corporation,JC,,"OrgINT66 ""Financial/Logistical supporter of"" PlotUS39",,,
124,OrgINT67,Al-Barakaat,JC,,,,,
125,OrgINT68,Al-Hikmah,JC,Financial supporter of [orgINT70],,,,
126,OrgINT69,al-Ittihad al-Islamiya,JC,,,,,
127,OrgINT7,Groupe Islamique Armé,JC,,,,,
128,OrgINT70,Al-Shabaab,JC,,,,,
129,OrgINT71,Hizbul Islam,JC,,,,,
130,OrgINT72,Islamic Courts Union,JC,,,,,
131,OrgINT73,Merca Safe House,JC,,,,,
132,OrgINT74,Islamic African Relief Agency,JC,,,,,
133,OrgINT75,Ahrar al Sham,JC,,,,,
134,OrgINT76,Jabhat al-Nusra,JC,,,,,
135,OrgINT77,Jund al-Sham,JC,Merged with orgINT76,,,,
136,OrgINT78,Mujaheeden Fi Ash Sham,JC,,,,,
137,OrgINT79,Ansar al-Sharia Tunisia,JC,,,,,
138,OrgINT8,Groupe Salafiste pour la Prédication et le Combat,JC,,,,,
139,OrgINT80,Tunisian Combatant Group,JC,,,,,
140,OrgINT81,Islamic Movement of Uzbekistan,JC,,,,,
141,OrgINT82,Al Iman University,JC,,,,,
142,OrgINT83,Al-Qaeda in the Arabian Peninsula,JC,,,,,
143,OrgINT84,Hamas,JC,,,,,
144,OrgINT85,Majlis Shura al-Mujahideen,JC,Merged with orgINT20,,,,
145,OrgINT86,Kandahar Training Camp,JC,,,,,
147,OrgINT88,Jaish al-Muhajireen wal-Ansar,JC,,,,,
148,OrgINT89,Islamic Jihad Union,JC,,,,,
149,OrgINT9,Jund Al-Khilafah,JC,,,,,
150,OrgINT90,Khalden Training Camp,JC,,,,,
151,OrgINT91,Katibat al-Bittar,JC,,,,,
152,OrgINT92,United Cyber Caliphate,JC,,,,,
277,OrgINT93,El-Hijra Construction and Development company,JC,,,,,
280,OrgINT94,Taba Investment Company,JC,Financial supporter of orgINT20,,,,
281,OrgINT95,Wadi al-Aqiq Import/Export company,JC,,,,,
279,OrgINT96,Ladin International Company,JC,,"OrgINT96 ""Financial supporter of"" PlotINT6",,,
278,OrgINT97,Themar al-Mukbaraka Company,JC,,,,,
283,OrgINT99,Jaish Muḥammad al-fātiḥ,JC,,,,,
154,OrgIT1,Al-Harmini Mosque Recruitment Cell,JC,,,,,
155,OrgIT10,Badia Mosque Recruitment Cell,JC,,,,,
156,OrgIT11,Assalam Ponte nelle Alpi Recruitment Cell,JC,,,,,
157,OrgIT12,2015 Brescia Network,JC,,,,,
158,OrgIT2,Baretti Mosque Recruitment Cell,JC,,,,,
159,OrgIT3,Cottolengo St. Mosque Recruitment Cell,JC,,,,,
160,OrgIT4,Cremona Mosque Recruitment Cell,JC,,,,,
161,OrgIT5,Faenza Mosque Recruitment Cell,JC,,,,,
162,OrgIT6,Jenner St. Mosque,JC,,,,,
163,OrgIT7,Massarenti St. Mosque Recruitment Cell,JC,,,,,
164,OrgIT8,Ponte Felcino Mosque Recruitment Cell,JC,,,,,
165,OrgIT9,Sharia4Italy,JC,,,,,
166,OrgLUX1,Association des Musulmans du Luxembourg,JC,,"OrgLUX1 ""Recruitment for"" PlotLux2",,,
167,OrgNL1,64a Vledstraat Flat,JC,,,,,
168,OrgNL10,Dar al-Hijrah  Recruitment Cell,JC,,,,,
169,OrgNL11,al-Fatih Mosque Recruitment Cell,JC,,,,,
341,OrgNL12,Omar Al Khattab Foundation,JC,,,,,
170,OrgNL2,Al Fourqaan Mosque Recruitment Cell,JC,,,,,
171,OrgNL3,al-Tawheed Mosque Recruitment Cell,JC,,"OrgNL3 ""Supporter of"" PlotSP12, PlotINT11",,,
172,OrgNL4,as-Soennah Mosque  Recruitment Cell,JC,,,,,
173,OrgNL5,De Ware Religie,JC,,,,,
174,OrgNL6,Hofstad Group,JC,,"OrgNL6 ""Director of"" PlotNL6, PlotNL5",,,
175,OrgNL7,MuwahideenTheTrueMuslims MSN Group,JC,,,,,
176,OrgNL8,Sharia4Holland,JC,,,,,
177,OrgNL9,Al-Qibla Recruitment Cell,JC,,,,,
178,OrgNOR1,Profetens Ummah,JC,,,,,
179,OrgSP1,Abu Bakr Mosque Recruitment Cell,JC,,,,,
365,OrgSP10,Kutayni Organization,,,,,,
372,OrgSP11,Spain Recruiting Cell,,,,,,
180,OrgSP2,Darkawia Mosque Recruitment Cell,JC,,,,,
181,OrgSP3,Martyrs For Morocco,JC,,,,,
182,OrgSP4,Masjid al-Furqan Recruitment Cell,JC,,,,,
183,OrgSP5,The Islamic Fraternity for the Preaching of Jihad,JC,,"OrgSP5 ""Director of"" PlotSP45",,,
323,OrgSP6,Shariah4Andalus,JC,,,,,
324,OrgSP7,Sharia4Spain,JC,,,,,
335,OrgSP8,Ripoll Barcelona Cell,JC,,,,,
314,OrgSP9,Al Andalus Brigade,JC,,,,,
184,OrgSWE1,Bellevue Mosque,CG,,,,,
185,OrgSWE2,Brandbergen Mosque,CG,,,,,
186,OrgSWE3,Sharia4Sweden,CG,,,,,
350,OrgSWE4,Mångkulturella Ungdoms Center,CG,,,,,
351,OrgSWE5,Troende Unga Framtida Förebilder,CG,,,,,
187,OrgSWI1,Ansar al-Mujahideen Forum,CG,,,,,
338,OrgSWI2,An’Nur Mosque,CG,,,,,
188,OrgUK1,Ahlus Sunnah wal Jamaah,CG,,,,,
189,OrgUK10,Brecon Beacons Training Camp,CG,,,,,
190,OrgUK11,Brixton Mosque Recruitment Cell,CG,mosque- no links,,,,
191,OrgUK12,Cranford West London Mosque Recruitment Cell,CG,mosque- no links,,,,
192,OrgUK13,Cumbria Training Camp,CG,,,,,
193,OrgUK14,Finchley Mosque Recruitment Cell,CG,mosque,"OrgUK14 ""Financial/Logistical Supporter of"" PlotUK28",,,
194,OrgUK15,Finsbury Park Mosque,CG,mosque- no links,,,,
195,OrgUK16,Human Aid UK,CG,financial supporter of orgINT41,,,,
196,OrgUK17,Iqra Islamic Bookshop,CG,,"OrgUK17 ""Financial/Logistical Supporter of"" PlotUK27",,,
197,OrgUK18,Islamic Book Centre,CG,no links,,,,
198,OrgUK19,Islamic Emergency Defence Group,CG,no links,,,,
199,OrgUK2,Al Ghurabaa,CG,,,,,
200,OrgUK20,Islamic Observation Center,CG,,,,,
201,OrgUK21,Jalalia Mosque Recruitment Cell,CG,mosque- no links,,,,
202,OrgUK22,Langley Green Muslim Centre and Mosque Recruitment Cell,CG,mosque- no links,,,,
203,OrgUK23,Luton Mosque Recruitment Cell,CG,mosque- no links,,,,
204,OrgUK24,Maktabah al-Ansar Bookshop,CG,no links,,,,
206,OrgUK26,Queen's Road Mosque Recruitment Cell,CG,members of mosque were involved in plot,"OrgUK26 ""Financial/Logistical Support of"" PlotUK31",,,
207,OrgUK27,Regent's Park Mosque Recruitment Cell,CG,,,,,
208,OrgUK28,Sakina Securities,CG,no links,,,,
209,OrgUK29,Stratford St. Mosque Recruitment Cell,CG,mosque- no links,,,,
211,OrgUK30,Rayat al-Tawheed,CG,,,,,
153,OrgUK31,Belfast Mosque Recruitment Cell,CG,mosque- a man from this mosque joined al Qaeda but is that enough for a link?,,,,
322,OrgUK33,Ummah Fitness Centre,CG,,"OrgUK33 ""Financial/Logistical Supporter of"" PlotUK123",,,
325,OrgUK34,Muslims Against Crusades,CG,,,,,
326,OrgUK35,Islam4UK,CG,,"OrgUK35 ""Financial/Logistical Supporter of"" PlotUK66",,,
328,OrgUK37,The Sharia Project,CG,no links,,,,
329,OrgUK38,Need4Khilafah,CG,,,,,
330,OrgUK39,The Islamic Dawah Association,CG,,,,,
212,OrgUK4,Al-Muhajiroun,CG,,"OrgUK4 ""Financial/Logistical Supporter of"" PlotUK56, PlotUK104",,,
331,OrgUK40,Women4Sharia,CG,,,,,
342,OrgUK42,Al Rahmah Welfare Organization,CG,,,,,
352,OrgUK43,Green Crescent Charity Fundraising,CG,financial support of links,,,,
213,OrgUK5,An-Noor Nasjid Recruitment Cell,CG,no links- mosque,,,,
214,OrgUK6,Ansar al-Sharia UK,CG,,,,,
215,OrgUK7,At-Tibyan Internet Forum,CG,,,,,
216,OrgUK8,Azzam Publications,CG,no specific links,,,,
217,OrgUK9,Baker Street Prayer Center Recruitment Cell,CG,no links,,,,
218,OrgUS1,Abubakar as-Saddique Recruitment Cell,CG,,,,,
219,OrgUS10,American Muslim Care Network,CG,no links,,,,
220,OrgUS11,Arab American Educational Foundation,CG,no links,,,,
221,OrgUS12,Benevolence International Foundation (US),CG,,,,,
222,OrgUS13,Brooklyn Islamic Center Recruitment Cell,CG,mosque,Financial/Logistical Supporter of a 9/11 anniversary plot (I belive it is PlotUS75 but I could be wrong),,,
223,OrgUS14,Calverton Shooting Range,CG,no links,,,,
224,OrgUS15,Cambridge Mosque Recruitment Cell,CG,mosque,"OrgUS15 ""Financial/Logistical Supporter of"" PlotUS130",,,
225,OrgUS16,Charity Without Borders,CG,financial supporter of OrgINT20 and other middle eastern groups,,,,
226,OrgUS17,Dallas Metro Restaurant ,CG,,"OrgUS17 ""Financial/Logistical Supporter of"" PlotUS28",,,
227,OrgUS18,Dar-us-Salaam Mosque Recruitment Cell,CG,mosque with few links,,,,
228,OrgUS19,Detroit Apartment,CG,no links,,,,
229,OrgUS2,Al Hijrah Recruitment Cell,CG,no links/mosque,,,,
230,OrgUS20,Falls Church Mosque Recruitment Cell,CG,,"OrgUS20 ""Financial/Logistical Supporter of"" PlotUS80, PlotUS39",,,
231,OrgUS21,Global Relief Foundation,CG,financial supporter of orgINT1 and orgINT20,,,,
232,OrgUS22,Guantanamo Bay,CG,no links,,,,
233,OrgUS23,Hamas (US organizations),CG,,,,,
235,OrgUS25,Holy Land Foundation,CG,financial supporter of orgINT84,,,,
236,OrgUS26,Infocom Corporation,CG,,,,,
238,OrgUS28,Islamic Association of Palestine,CG,financial supporter of orgINT84,,,,
239,OrgUS29,Islamic Center of San Diego Recruitment Cell,CG,,"OrgUS29 ""Financial/Logistical Supporter of"" PlotUS39",,,
240,OrgUS3,"Al-Aqsa Education Fund, Inc.",CG,,,,,
241,OrgUS30,Islamic Center of Tuscon Recruitment Cell,CG,no links,,,,
242,OrgUS31,Islamic Circle of North America,CG,no links,,,,
243,OrgUS32,Islamic Thinker's Society,CG,no links,,,,
244,OrgUS33,Jamaat Al-Fukra,CG,Financial/Logistical Supporter of 1983 Hotel Rajneesh Bombing (not in database),,,,
245,OrgUS34,Jamaat al-Muslimeen,CG,"no explicit links (says ""ties to terrorist groups in middle east"" but never specifies which)",,,,
246,OrgUS35,Jamaat Shariat,CG,,,,,
247,OrgUS36,Jam'iyyat Ul-Islam Is-Saheeh,CG,no links,,,,
248,OrgUS37,Kindhearts,CG,,,,,
249,OrgUS38,Liberty City Seven,CG,,,,,
250,OrgUS39,Masjed as-Saber Recruitment Cell,CG,no links,,,,
251,OrgUS4,Al-Farooq Mosque Recruitment Cell,CG,no links,,,,
252,OrgUS40,Masjid al-Fatima Recruitment Cell,CG,,"OrgUS40 ""Financial/Logistical Supporter of"" PlotUS75",,,
253,OrgUS41,Masjid Al-Ihsaan Mosque Recruitment Cell,CG,no links,,,,
255,OrgUS43,Masjid At-Tawfeeq Recruitment Cell,CG,"says that members of this org were involved with ""Toledo plot,"" but it's unclear exactly which plot it is referring to","OrgUS43 ""Financial/Logistical Supporter of"" PlotUS57, PlotUS86",,,
256,OrgUS44,Moorish Science Temple Recruitment Cell,CG,no links,,,,
258,OrgUS46,Muslim Arab Youth Organization,CG,,,,,
261,OrgUS49,New Bloomfield Shooting Range,CG,no links,,,,
262,OrgUS5,Al-Kifah (NYC Branch),CG,no info written/no links,,,,
263,OrgUS50,Newburgh Mosque Recruitment Cell,CG,no links,,,,
264,OrgUS51,Airman Flight School,CG,,,,,
265,OrgUS52,Palestine Committee,CG,,,,,
266,OrgUS53,Poconos Training Camp,CG,no links,,,,
267,OrgUS54,Revolution Muslim,CG,no links,,,,
269,OrgUS56,United Association for Studies and Research,CG,,,,,
270,OrgUS57,World and Islam Studies Enterprise,CG,,,,,
310,OrgUS58,Twin Cities- Somalia Recruitment Ring,CG,,,,,
312,OrgUS59,Bly Oregon Training Camp,CG,,,,,
271,OrgUS6,Al-Kifah (US: Al-Kifah Refugee Center),CG,,,,,
343,OrgUS60,Islamic American Relief Agency,CG,"no links- funneled money to Iraq, not a specific org",,,,
344,OrgUS61,Shariah4USA,CG,,,,,
361,OrgUS62,Authentic Tauheed,CG,,,,,
272,OrgUS7,Al-Maghrib Institute Recruitment Cell,CG,,,,,
273,OrgUS8,American Islamic Group,CG,no info written,,,,
274,OrgUS9,American Middle Eastern League for Palestine,CG,,,,,
1,PlotAU1,US Embassy in Vienna 1998,CG,,"OrgAU1 ""Financial/Logistical Supporter of"" PlotAU1",,,
2,PlotAU2,GIMF Austrian Bomb Plot 2007,CG,,"OrgINT27 ""Director of"" PlotAU2",,,
3,PlotAU3,US Embassy in Vienna 2007,CG,no links,,,,
868,PlotAU4,St. Pölten Planned Assassination 2015,CG,no links,,,,
951,PlotAU5,2020 Vienna Attack,CG,no links,,,,
4,PlotAUS1,Israeli Embassy in Canberra 2002,CG,,"OrgINT20 ""Director of"" PlotAUS1",,,
5,PlotAUS10,Sydney anti-Muslim Film Demonstration 2012,CG,no links,,,,
6,PlotAUS11,Arnciffe Mosque Arrests 2012,CG,no links,,,,
7,PlotAUS12,Intelligence Officer Threats 2013,CG,no links,,,,
8,PlotAUS13,Australian Electric System Plot 2003,CG,no links,,,,
9,PlotAUS14,Australian Assassination Threat 2003,CG,no links,,,,
10,PlotAUS15,Australia Syrian Foreign Fighter Recruitment Cell 2013,CG,,"OrgINT76 ""Recruiting for"" PlotAUS15",,,
11,PlotAUS16,Sydney Public Decapitation Plot 2014,CG,,"OrgINT41 ""Director of"" PlotAUS16",,,
12,PlotAUS17,Endeavour Hills Knife Attack 2014,CG,,"OrgINT41 ""Inspiration for"" PlotAUS17",,,
13,PlotAUS18,Anzac Day Terror Plot 2015,CG,,"OrgINT41 ""Inspiration for"" PlotAUS18",,,
14,PlotAUS19,Australian Knife Plot 2015,CG,,"OrgINT41 ""Inspiration for"" PlotAUS19",,,
15,PlotAUS2,Do-it-yourself Jihad book 2004,CG,no links,,,,
16,PlotAUS20,Sydney Hostage Crisis 2014,CG,no clear links,,,,
795,PlotAUS21,Notes for Attack on Government Buildings 2014,CG,,"OrgINT41 ""Inspiration for"" PlotAUS17",,,
799,PlotAUS22,2015 Parramatta Shooting,CG,,"OrgAUS7 ""Director of"" PlotAUS22",,,
800,PlotAUS23,Christmas Day 2016 Planned Attacks,CG,,"OrgINT41 ""Inspiration for"" PlotAUS23",,,
807,PlotAUS24,Lashings Attack 2011,CG,no links,,,,
808,PlotAUS25,Gay Nightclub Shooting 2013,CG,no links,,,,
837,PlotAUS26,Australia Foreign Fighter Boat Plot,CG,,"OrgINT65 ""Recruitment Support By"" PlotAUS26",,,
846,PlotAUS27,Melbourne Suburb Shooting 2017,CG,,"OrgINT41 ""Claims Responsibility for"" PlotAUS27",,,
861,PlotAUS28,Sydney Airport Plane Bombing Plot 2017,CG,no clear links,,,,
866,PlotAUS29,Melbourne Flinders Street Car Attack 2017,CG,no links,,,,
17,PlotAUS3,Al-Furqan Center Raid 2012,CG,no links,,,,
905,PlotAUS30,Bankstown Terror Plot 2016,CG,no links,,,,
924,PlotAUS31,Fawkner Mosque Firebombing 2016,CG,no links,,,,
164,PlotAUS32,Sydney Rugby World Cup plot 2003,CG,no links,,,,
19,PlotAUS5,Operation Pendennis 2005,CG,,"OrgINT17 ""Financial/Logistical Supporter of"" PlotAUS5",,,
20,PlotAUS6,Melbourne Cricket Ground Plot 2005,CG,no links,,,,
21,PlotAUS7,Sydney Army Base Attack 2009,CG,,"OrgINT70 ""Director of"" PlotAUS7",,,
22,PlotAUS8,ATM Robbery 2011,CG,money went to ISIS,"OrgINT41 ""Financial/Logistical Supporter of"" PlotAUS8",,,
23,PlotAUS9,Siddiq-Conlon Mardi Gras Threats 2012,CG,no links,,,,
24,PlotBEL1,Maaseik Cell 2005,CG,,"OrgINT48 ""Director of"" PlotBEL1",,,
25,PlotBEL10,Rida Mosque Firebombing 2012,CG,no links,,,,
26,PlotBEL11,Molenbeek Police Attacks 2012,CG,,"OrgBEL2 ""Inspiration for"" PlotBEL11",,,
27,PlotBEL12,Filieres Afghanes European Targets and Recruitment 2012,CG,no links,,,,
28,PlotBEL13,Borgerhout anti-Muslim Film Demonstration 2012,CG,no links,,,,
29,PlotBEL14,Filières Somaliennes 2012,CG,no specific links to any org,,,,
30,PlotBEL15,Brussels Al-Shabaab Recruitment Cell 2012,CG,,"OrgINT70 ""Recruitment Supported By"" PlotBEL15",,,
31,PlotBEL16,European Attacks Plot 2013,CG,no links,,,,
32,PlotBEL17,Weapons Possession - Adam 2013,CG,no links,,,,
33,PlotBEL18,Al Qaeda Kleine Brogel Plot 2001,CG,,"OrgINT20 ""Director of"" PlotBEL18",,,
34,PlotBEL19,Online AQ Propaganda 2005,CG,,"OrgINT20, OrgBEL8 ""Supporter of"" PlotBEL19",,,
35,PlotBEL2,Belgian GIA Network 1998,CG,,"OrgINT7 ""Director of"" PlotBEL2",,,
36,PlotBEL20,EU HQ Plot 2008,CG,no links,,,,
38,PlotBEL22,Massoud Assassination 2001,CG,,"OrgINT20 ""Director of"" PlotBEL22",,,
39,PlotBEL23,Jewish Museum Shooting 2014,CG,,"OrgINT41 ""Inspiration for"" PlotBEL23",,,
40,PlotBEL24,Verviers Network,CG,,,,,
756,PlotBEL25,Brussels Bombings 2016,CG,no links,,,,
777,PlotBEL27,Brussels Euro2016 Attack,CG,no links,,,,
801,PlotBEL28,2016 Machete Attack in Charleroi,CG,,"OrgINT41 ""Claims responsibility for"" PlotBel28",,,
804,PlotBEL29,Police Stabbing in Schaerbeek,CG,no links,,,,
41,PlotBEL3,Philips Tower Plot 2003,CG,no links,,,,
872,PlotBEL30,Soccer Match Viewing Party Attack,CG,no links,,,,
175,PlotBEL31,Syria Foreign Fighter Recruitment 2013,CG,no specific links,,,,
876,PlotBEL32,Liege Attack 2018,CG,no links,,,,
935,PlotBEL33,Antwerp Planned Car attack 2017,CG,no links,,,,
188,PlotBEL34,European Parliament Attack 2001,CG,,"OrgINT8, OrgGER31 ""Financial/Logistical Supporter of"" PlotBEL34",,,
342,PlotBEL35,Villeroux Arms Trafficking 1995,CG,,"OrgINT7 ""Financial/Logistical Supporter of"" PlotBel35",,,
42,PlotBEL4,Belgium Global Relief Fund Support 2006,CG,,"OrgINT20 ""Financial/Logistical Supporter of"" PlotBEL4",,,
43,PlotBEL5,Operation Trabak 2007,CG,no links,,,,
44,PlotBEL6,Belliraj Terror Support Network 2003,CG,no links,,,,
45,PlotBEL7,Filières Afghanes Recruitment in Belgium 2008,CG,no specific links,,,,
46,PlotBEL8,Filières Afghanes EU Summit 2008,CG,no links,,,,
47,PlotBEL9,Sharia4Belgium Belgian Targets 2010,CG,,"OrgBEL2 ""Recruiting for"" PlotBEL9",,,
48,PlotCN1,US Attack intel for Toronto 18 2006,CG,no links,,,,
49,PlotCN11,Canadian Parliament Shootings 2014,CG,no links,,,,
50,PlotCN12,Saint Jean sur Richelieu Ramming Attack 2014,CG,no links,,,,
51,PlotCN13,Ottawa Larmond Twins Terror Conspiracy 2015,CG,no links,,,,
52,PlotCN14,US Consulate in Toronto 2015,CG,no links,,,,
869,PlotCN16,VIA Rail Derailment Plot,CG,no links,,,,
920,PlotCN17,Toronto Knife Attack,CG,no links,,,,
932,PlotCN18,2013 Twin Cities Somali Foreign Fighter Cell,CG,,"OrgINT41 ""Recruiting for"" PlotCN18",,,
936,PlotCN19,Edmonton Attack 2017,CG,no links,,,,
53,PlotCN2,Austrian Bomb Plot Support 2007,CG,no links,,,,
940,PlotCN20,2020 Toronto Hammer Attack,CG,no links,,,,
54,PlotCN3,Project Samosa 2010,CG,no specific links,,,,
55,PlotCN4,Canada Day Plot 2013,CG,no links,,,,
56,PlotCN5,Toronto Somali Foreign Fighter Network 2009,CG,,"OrgINT70 ""Recruitment Supported By"" PlotCN5",,,
57,PlotCN6,Canada Millennium Cell 1999,CG,,"OrgINT20, OrgFR7 ""Supporter of"" PlotCN6",,,
58,PlotCN7,Toronto 18 Plot 2006,CG,no links,,,,
59,PlotCN8,Canadian Secret Trial Five Cell 2003,CG,no links,,,,
60,PlotCN9,Air France Bomb Plot 2009,CG,no links,,,,
61,PlotDK1,Iraq Recruitment Ring 2008,CG,no links,,,,
62,PlotDK10,Westergaard Axe Attack 2010,CG,,"OrgINT70 ""Inspiration for"" PlotDK10",,,
63,PlotDK11,Hotel Jorgensen Bomb Plot 2010,CG,no links,,,,
64,PlotDK12,Jyllands-Posten Copenhagen Plot 2010-I,CG,,"OrgINT20 ""Financial/Logistical Supporter of"" PlotDK12",,,
64,PlotDK12,Jyllands-Posten Copenhagen Plot 2010-I,CG,,"OrgINT58 ""Supporter of"" PlotDK12",,,
65,PlotDK13,Jyllands-Posten Mumbai-style Plot-Copenhagen 2010,CG,no links,,,,
66,PlotDK14,Copenhagen Assault Rifle Plot 2012,CG,no links,,,,
67,PlotDK15,Jyllands-Posten Aarhus Plot 2012,CG,,"OrgINT70 ""Recruitment supported by"" PlotDK15",,,
67,PlotDK15,Jyllands-Posten Aarhus Plot 2012,CG,,"OrgINT70 ""Financially/Logistically Supported By"" PlotDK15",,,
68,PlotDK16,Yahya Hassan Assault 2014,CG,,"OrgDK1 ""Supporter of"" PlotDK16",,,
69,PlotDK17,Assasination attempt against Hedegaard Plot 2013,CG,,"OrgINT41 ""Supporter of"" PlotDK17",,,
70,PlotDK18,Oslo Cell Jyllands-Posten Bomb Plot 2010,CG,no links,,,,
71,PlotDK19,Pia Kjaergaard Threats 2010,CG,no links,,,,
72,PlotDK2,Mansour Terror Propaganda 2013,CG,no links,,,,
73,PlotDK20,Copenhagen Shootings 2015,CG,,"OrgINT41 ""Inspiration for"" PlotDK20",,,
74,PlotDK21,Hizb-ut Tahrir funding 2012,CG,,"OrgINT28 ""Financially/Logistically Supported By"" PlotDK21",,,
75,PlotDK22,Danish Syrian Association Threats 2013,CG,,"OrgDK1 ""Director of"" PlotDK22",,,
760,PlotDK23,Operation Kundby 2016,CG,no links,,,,
76,PlotDK3,Jyske Bank Robbery 2001,CG,,"OrgINT8 ""Financial/Logistical Supporter of"" PlotDK3",,,
77,PlotDK4,Attack Plot in Sarajevo 2005,CG,no links,,,,
79,PlotDK6,Vollsmose Group 2006,CG,no links,,,,
80,PlotDK7,Copenhagen Bomb Plot 2007,CG,,"OrgINT20 ""Supporter of"" PlotDK7",,,
81,PlotDK8,Westergaard Assassination Plot I 2008,CG,no links,,,,
82,PlotDK9,Mickey Mouse Plot 2009,CG,,"OrgINT51 ""Director of"" PlotDK9",,,
83,PlotFIN1,Helsinki Bomb Plot 2011,CG,no links,,,,
84,PlotFIN2,Al-Shabaab Helsinki Financing and Recruitment 2011,CG,,"OrgINT70 ""Financially/Logistically Supported by"" PlotFIN2",,,
929,PlotFIN3,2017 Turku Attack,CG,,"OrgINT41 ""Inspiration For"" PlotFIN3",,,
85,PlotFR1,Stade de France 1998,CG,,"OrgINT8 ""Director of"" PlotFR1",,,
86,PlotFR10,Cherifi Terrorism Financing 2000,CG,,"OrgFR11, OrgFR3 ""Financially/Logistically Supported By"" PlotFR10",,,
87,PlotFR100,Grenoble Syria Recruitment 2014,CG,no links,,,,
88,PlotFR101,GIA Recruitment 1998,CG,,"OrgINT7 ""Recruitment Supported By"" PlotFR101",,,
89,PlotFR102,GIA Christmas 1995,CG,,"OrgINT7 ""Director of"" PlotFR102",,,
90,PlotFR104,Strasbourg Foreign Fighter Recruitment 2014,CG,no links,,,,
91,PlotFR105,Charlie Hebdo Shootings 2015,CG,,"OrgINT83 ""Supporter of"" PlotFR105",,,
92,PlotFR106,Nice Knife Attack 2015,CG,no links,,,,
93,PlotFR107,Cannes Returnees Plot 2014,CG,,"OrgINT41 ""Inspiration for"" PlotFR107",,,
94,PlotFR108,Nice Returnee Plot 2014,CG,no links,,,,
95,PlotFR109,Pakistan Foreign Fighters Plot 2014,CG,,"OrgINT61 ""Recruitment Supported By""",,,
96,PlotFR11,Fundraising for Jailed Paris Metro Bombers 2000,CG,,,,,
97,PlotFR110,France Train Attack 2015,CG,no links,,,,
732,PlotFR111,Lyon Beheading 2015,CG,,"OrgINT41 ""Inspiration For"" PlotFR111",,,
745,PlotFR112,Paris Attacks 2015,CG,,"OrgINT41 ""Claims Responsbility For"" PlotFR112",,,
746,PlotFR113,Paris Church Plot 2015,CG,,"OrgINT41, OrgINT20 ""Inspiration For"" PlotFR113",,,
748,PlotFR114,Valence Mosque Attack 2016,CG,no links,,,,
750,PlotFR115,Toulon Naval Base Plot 2015,CG,no links,,,,
758,PlotFR116,Bastille Day Attack 2016,CG,,"OrgINT41 ""Inspiration For"" PlotFR116",,,
759,PlotFR117,Magnanville Murders 2016,CG,no links,,,,
763,PlotFR118,Normandy Church Attack 2016,CG,no links,,,,
780,PlotFR119,Bombing Attempt in La Defense and Charles de Gaulle 2015,CG,no links,,,,
98,PlotFR12,Paris Dakar Race Plot 2001,CG,no links,,,,
783,PlotFR120,Lyon Anti-Semitism Conference attack 2014,CG,no links,,,,
785,PlotFR121,Paris Police Station Attack 2016,CG,,"OrgINT41 ""Inspiration For"" PlotFR121",,,
786,PlotFR122,Marseilles Sleeper Cell 2016,CG,,"OrgINT41 ""Supporter of"" PlotFR122",,,
787,PlotFR123,Strasbourg Sleeper Cell 2016,CG,no links,,,,
791,PlotFR124,Port Vendres Plot 2015,CG,,"OrgINT41 ""Supporter of"" PlotFR124",,,
798,PlotFR125,Stade de France Attack 2015,CG,,"OrgINT41 ""Supporter of"" PlotFR125",,,
802,PlotFR128,Notre Dame Car Bombing 2016,CG,,"OrgINT41 ""Supporter of"" PlotFR128",,,
803,PlotFR129,Orly Airport Attack 2017,CG,no links,,,,
99,PlotFR13,GIA Passport Trafficking 2002,CG,,"OrgINT7 ""Financially/Logistically Supported by"" PlotFR13",,,
805,PlotFR130,12th Arrondissement Stabbings 2016,CG,no links,,,,
810,PlotFR131,Louvre Attack,CG,no links,,,,
829,PlotFR132,Saint-Pierre Nightclub Attack 2015,CG,no links,,,,
830,PlotFR133,Reunion Recruitment Cell 2015,CG,,"OrgINT41 ""Recruitment supported by"" PlotFR133",,,
831,PlotFR134,Champs-Élysées Attack 2017,CG,no links,,,,
834,PlotFR135,Assasination of Rector of Paris Mosque,CG,no links,,,,
853,PlotFR136,2015 Paris Kosher supermarket attack,CG,no links,,,,
854,PlotFR137,Champs Elysees Police Officer Attack 2017,CG,no links,,,,
859,PlotFR138,Paris Gas Cylinder Plot 2018,CG,no links,,,,
865,PlotFR139,Carcassonne and Trebes Attack 2018,CG,no links,,,,
100,PlotFR14,GSPC Foreign Fighter Recruitment & Support Cell 2002,CG,,"OrgINT8 ""Financially/Logistically Supported by"" PlotFR14",,,
875,PlotFR140,The Lagny-sur-Marne Mosque Recruitment 2013,CG,,"OrgINT41, OrgINT76 ""Recruitment Supported By"" PlotFR140",,,
882,PlotFR141,2017 Gare du Nord Attack,CG,,"OrgINT41 ""Inspiration For"" PlotFR141",,,
889,PlotFR142,Paris Knife Attack 2018,CG,no links,,,,
890,PlotFR143,Swinger's Club Attack in Loiret Region 2018,CG,no links,,,,
891,PlotFR144,Attack against Homosexuals 2018,CG,,"OrgINT41 ""Inspiration For"" PlotFR144",,,
902,PlotFR145,Strasbourg Christmas Market Attack 2018,CG,,"OrgINT41 ""Claims Responsibility For"" PlotFR145",,,
912,PlotFR146,Paris Ricin Plot 2018,CG,no links,,,,
913,PlotFR147,2017 Marseille Knife Attack,CG,,"OrgINT41 ""Claims Responsibility For"" PlotFR147",,,
931,PlotFR148,2019 Condé Sur Sarthe Prison Stabbing,CG,no links,,,,
937,PlotFR149,Paris Police Headquarters Attack 2019,CG,no links,,,,
101,PlotFR15,CMDF Dahmane Assault 2002,CG,no links,,,,
287,PlotFR150,Sonacotra support cell 1996,CG,,"OrgINT7 ""Financially/Logistically Supported By"" PlotFR150",,,
942,PlotFR151,France Cryptocurrency Network,CG,,"OrgINT20, OrgINT41 ""Financially/Logistically Supported By"" PlotFR151",,,
286,PlotFR152,Stade de France Cell 1998,CG,,"OrgFRA7 ""Financially/Logistically Supported By"" PlotFR152",,,
439,PlotFR153,Shoe-Bomb 2001,CG,no links,,,,
947,PlotFR154,2020 Murder of Samuel Paty,CG,no links,,,,
950,PlotFR155,2020 Paris Stabbing Attack,CG,no links,,,,
952,PlotFR156,2020 Nice Stabbing,CG,no links,,,,
955,PlotFR157,2021 Rambouillet Knife Attack,CG,no links,,,,
956,PlotFR158,France Bombing Attempt 2017,CG,,"OrgINT41 ""Inspiration For"" PlotFR158",,,
102,PlotFR16,Indonesian Embassy in Paris Bombing 2004,CG,no links,,,,
103,PlotFR17,Iraq Jihad Recruitment 2005,CG,no specific links,,,,
104,PlotFR18,Ansar al-Fath Network France 2005,CG,no links,,,,
106,PlotFR2,Chechen Recruitment Ring 2002,CG,no links,,,,
107,PlotFR20,Iraq Jihad Recruitment in Paris 2005,CG,no links,,,,
108,PlotFR21,Cherifi Jihadist Plot Financing in France 2005,CG,no links,,,,
109,PlotFR22,Iraq Jihad Recruitment Plot in Toulouse 2007,CG,no links,,,,
110,PlotFR23,Montauban Iraq Jihad Travel Arrests 2007,CG,no links,,,,
111,PlotFR24,Iraq Jihad Recruitment 2 2007,CG,no links,,,,
112,PlotFR25,AQIM Paris Support Cell 2007,CG,,"OrgINT8 ""Financially/Logistically Supported by"" PlotFR25",,,
114,PlotFR27,Jihad Training Camp 2008,CG,no links,,,,
115,PlotFR28,IMU Financing Ring 2008,CG,,"OrgINT81 ""Director of"" PlotFR28",,,
115,PlotFR28,IMU Financing Ring 2008,CG,,"OrgINT20 ""Financially/Logistically Supported By"" PlotFR28",,,
116,PlotFR29,Rennes Shopping Mall Plot 2008,CG,,,,,
117,PlotFR3,Stade de France 2001,CG,,"OrgINT8 ""Director of"" PlotFR3",,,
118,PlotFR30,Toulouse Synagogue Plot 2009,CG,no links,,,,
119,PlotFR31,Filieres Afghanes Minbar Forum Rectruitment in France 2009,CG,,"OrgBEL8 ""Director of"" PlotFR31",,,
120,PlotFR32,CERN plot 2009,CG,,"OrgINT8 ""Director of"" PlotFR32",,,
121,PlotFR33,Terrorism Incitement - El-Soudany 2010,CG,no links,,,,
122,PlotFR34,Ansar al-Haqq online recruitment 2010,CG,,"OrgINT87 ""Director of"" PlotFR34",,,
122,PlotFR34,Ansar al-Haqq online recruitment 2010,CG,,"OrgINT1 ""Recruitment Supported By"" PlotFR34",,,
123,PlotFR35,Moroccan AQ Internet recruitment 2010,CG,,"OrgINT20 ""Recruitment Supported By"" PlotFR35",,,
124,PlotFR36,France Chechnya terror probe 2010,CG,,,,,
125,PlotFR37,Forsane Alizza Limoges Terror Incitement Demonstration 2010,CG,,"OrgFR6 ""Director of"" PlotFR37",,,
126,PlotFR38,European Mumbai Plot 2010,CG,,"OrgINT20 ""Director of"" PlotFR38",,,
127,PlotFR39,Marseilles Terror Support 2010,CG,no links,,,,
128,PlotFR4,Eiffel Tower Plot 2005,CG,no links,,,,
129,PlotFR40,Boubakeur Assassination Plot 2010,CG,,,,,
130,PlotFR41,France Niqab Demonstration 2011,CG,,"OrgFR6 ""Supporter of"" PlotFR41",,,
131,PlotFR42,Rashid Jemmah Islamiyya Recruitment Cell 2011,CG,,"OrgINT17 ""Recruitment Supported By"" PlotFR42",,,
132,PlotFR43,France Jihad Recruitment Cell 2011,CG,no links,,,,
133,PlotFR44,Nice Caucasus Emirate Support Cell 2011,CG,no links,,,,
134,PlotFR45,Diaby Nice Recruitment 2011,CG,no links,,,,
135,PlotFR46,Facebook Bomb Threats 2012,CG,no links,,,,
136,PlotFR47,Indonesian Embassy in Paris Bomb 2012,CG,no links,,,,
137,PlotFR48,Toulouse and Montauban Shootings 2012,CG,no links,,,,
138,PlotFR49,Forsane Alizza Kidnapping Plot and Arrests 2012,CG,,"OrgFR6 ""Director of"" PlotFR49",,,
139,PlotFR5,Terrorism Incitement Heraz 2005,CG,no links,,,,
140,PlotFR50,Forsane Alizza Foreign Fighters 2012,CG,,"OrgFR6 ""Recruitment Supported By"" PlotFR50",,,
141,PlotFR51,Toulon Online Recruitment 2012,CG,,"OrgINT20, OrgINT43 ""Recruitment Supported By"" PlotFR51",,,
142,PlotFR52,Rouen Online Recruitment 2012,CG,no links,,,,
143,PlotFR53,Paris anti-Muslim Film Demonstration 2012,CG,no links,,,,
144,PlotFR54,Sarcelles Kosher Shop Attack 2012,CG,no links,,,,
145,PlotFR55,Hebdo Beheading Threat 2012,CG,no links,,,,
146,PlotFR56,Marseilles Terror Support Cell 2010,CG,no links,,,,
147,PlotFR57,Marignane Bomb Plot 2013,CG,no links,,,,
148,PlotFR58,La Defense Attack 2013,CG,no links,,,,
149,PlotFR59,Sylla Cell Public Figure Attack Plot 2013,CG,no links,,,,
150,PlotFR6,Terrorism Incitement Abdelhamid 2005,CG,no links,,,,
151,PlotFR60,Southern France Jihad recruitment 2013,CG,no links,,,,
152,PlotFR61,Trappes Riot 2013,CG,no links,,,,
153,PlotFR62,GIA Forgery and Trafficking Ring 2001,CG,,"OrgINT7 ""Financially/Logistically Supported By"" PlotFR62",,,
155,PlotFR64,Coupe du Monde 1998,CG,,"OrgINT7 ""Director of"" PlotFR64",,,
156,PlotFR65,GSPC Euro 2000 Plot,CG,,"OrgINT8 ""Director of"" PlotFR65",,,
157,PlotFR66,Jihad Support Network 2002,CG,,,,,
158,PlotFR67,Iraq Jihad Recruitment in Montpellier 2005,CG,no links,,,,
159,PlotFR68,Forsane Alizza McDonald's Incitation 2010,CG,,"OrgFR6 ""Director of"" PlotFR68",,,
160,PlotFR69,MJIM Moroccan Attacks 1995,CG,,"OrgFR15 ""Director of"" PlotFR69",,,
161,PlotFR7,Air France Flight 8969 Hijacking 1994,CG,,"OrgINT7 ""Director of"" PlotFR7",,,
162,PlotFR70,French assassination targets and terror support 1999,CG,,"OrgINT7 ""Financially/Logistically Supported By"" PlotFR70",,,
165,PlotFR73,GICM Brinks Armored Truck Robbery 2004,CG,,"OrgINT48 ""Financially/Logistically Supported By"" PlotFR73",,,
166,PlotFR74,Intelligence Service (DST) Paris Bomb Plot 2008,CG,,"OrgBEL8 ""Director of OrgBEL8",,,
168,PlotFR76,Terrorism Incitement France 2004,CG,no links,,,,
169,PlotFR77,AQ Terrorism Recruitment 2008,CG,,"OrgINT20 ""Recruitment Supported By"" PlotFR77",,,
170,PlotFR78,Belkacem Jail Break Plot 2010,CG,,"OrgINT7 ""Supporter of"" PlotFR78",,,
171,PlotFR79,US Embassy in Paris 2001,CG,no links,,,,
172,PlotFR80,Ansar al-Haqq Terrorism Incitement 2013,CG,,"OrgINT87 ""Director of"" PlotFR80",,,
173,PlotFR81,Paris Cell Convenience Store Robbery 2013,CG,no links,,,,
174,PlotFR82,Jewish School Death Threats II 2012,CG,no links,,,,
176,PlotFR84,Saint-Michel RER Station GIA Bombing 1995,CG,,"OrgINT7 ""Director of"" PlotFR84",,,
177,PlotFR85,GIA Sahraoui Assassination 1995,CG,,"OrgINT7 ""Director of"" PlotFR85",,,
178,PlotFR86,GIA Arc de Triomphe Bomb 1995,CG,,"OrgINT7 ""Director of"" PlotFR86",,,
179,PlotFR87,GIA Lyon Railway Bombing 1995,CG,,"OrgINT7 ""Director of"" PlotFR87",,,
180,PlotFR88,GIA 11th Arrondissement Market Bombing 1995,CG,,"OrgINT7 ""Director of"" PlotFR88",,,
181,PlotFR89,Lyon School Car Bombing 1995,CG,,"OrgINT7 ""Director of"" PlotFR89",,,
182,PlotFR90,Maison Blanche Station Bombing 1995,CG,,"OrgINT7 ""Director of"" PlotFR90",,,
183,PlotFR91,Musee d'Orsay Station Bombing 1995,CG,,"OrgINT7 ""Director of"" PlotFR91",,,
184,PlotFR92,GIA Port Royal Station Bombing 1996,CG,,"OrgINT7 ""Director of"" PlotFR92",,,
186,PlotFR94,Roubaix Gang G7 Plot 1996,CG,,"OrgINT7 ""Director of"" PlotFR94",,,
187,PlotFR95,Strasbourg Christmas Market Attack 2000,CG,,"OrgINT8 ""Financial/Logistical Supporter of"" PlotFR95",,,
189,PlotFR97,Operation Chrysantheme 1993,CG,no links,,,,
190,PlotFR98,Savoie Recruitment Deportation 2014,CG,,"OrgINT41 ""Recruitment Supported By"" PlotFR98",,,
852,PlotFR99,Cannes-Torcy cell,CG,,,,,
191,PlotGER1,German Tawhid cell 1999,CG,,"OrgINT20 ""Financially/Logistically Supported By"" PlotGER1",,,
192,PlotGER10,Die Welt Editor Murder Plot 2006,CG,no links,,,,
193,PlotGER11,Cologne Train Bombing 2006,CG,no links,,,,
194,PlotGER12,AQ Propaganda - Raschid 2006,CG,,"OrgINT20 ""Inspiration For"" PlotGER12",,,
195,PlotGER13,IJU Sauerland Recruitment 2007,CG,,"OrgINT89 ""Recruitment Supported By"" PlotGER13",,,
196,PlotGER14,German Taliban Support Network 2007,CG,,"OrgINT20 ""Financially/Logistically Supported By"" PlotGER14",,,
197,PlotGER15,Operation Alberich 2007,CG,no links,,,,
198,PlotGER16,IJU Sauerland Support Cell 2008,CG,,"OrgINT89 ""Financially/Logistically Supported By"" PlotGER16",,,
199,PlotGER17,German Taliban Oktoberfest plot 2009,CG,no links,,,,
200,PlotGER18,Oktoberfest plot 2009,CG,,"OrgINT20 ""Inspiration For"" PlotGER18",,,
201,PlotGER19,European Mumbai Plot - Hamburg cell 2009,CG,no links,,,,
202,PlotGER2,IJU Fundraising 2008,CG,,"OrgINT89 ""Financially/Logistically Supported By"" PlotGER2",,,
203,PlotGER20,German Taliban Fundraising 2010,CG,,"OrgGER17 ""Financially/Logistically Supported By"" PlotGER20",,,
204,PlotGER21,Islambruderschaft online recruitment 2010,CG,,"OrgINT81, OrgINT29 ""Recruitment Supported By"" PlotGER21",,,
205,PlotGER22,Mountain Village Robberies 2011,CG,no links,,,,
206,PlotGER23,Germany Bomb Making Attempt 2011,CG,,"OrgINT29 ""Inspiration For"" PlotGER23",,,
207,PlotGER24,Frankfurt Airport Shooting 2011,CG,no links,,,,
208,PlotGER25,Dusseldorf Mosque Standoff 2011,CG,no links,,,,
209,PlotGER26,Cologne Bomb Plot 2011,CG,,"OrgINT20 ""Director of"" PlotGER26",,,
210,PlotGER27,Oktoberfest Threats 2011,CG,no links,,,,
211,PlotGER28,Bundestag Plot 2011,CG,no links,,,,
212,PlotGER29,Jamaat Shariat Chechen Forgery Ring 2011,CG,,"OrgUS35 ""Financially/Logistically Supported By"" PlotGER29",,,
213,PlotGER3,Frankfurt Shootout 1999,CG,,"OrgINT7 ""Inspiration For"" PlotGER3",,,
214,PlotGER30,Dover Terrorism Material 2011,CG,no links,,,,
215,PlotGER31,German Taliban Berlin Chemical Bomb 2011,CG,no links,,,,
216,PlotGER32,Deutschlandfest Plot 2011,CG,no links,,,,
217,PlotGER33,German Taliban Schneider Escape Plot 2010,CG,no links,,,,
218,PlotGER34,Bonn Train Station Pipe Bomb 2012,CG,no links,,,,
219,PlotGER35,Merkel Threats 2013,CG,no links,,,,
220,PlotGER36,Markus Beisicht Murder Plot 2013,CG,no links,,,,
221,PlotGER37,Bonn Train Station Bomb Plot 2013,CG,,"OrgINT29 ""Inspiration For"" PlotGER37",,,
222,PlotGER38,Kurdish Network Delivery Truck Kidnapping 2001,CG,no links,,,,
223,PlotGER39,Kurdish Network Allawi Assassination Plot 2004,CG,no links,,,,
224,PlotGER4,9/11 Hamburg Cell 2001,CG,,,,,
225,PlotGER40,Jewish Targets in Germany 2002,CG,no links,,,,
226,PlotGER41,Munster Department Store Plot 2001,CG,no links,,,,
227,PlotGER42,IJU Youtube Propaganda 2010,CG,,"OrgINT89 ""Supporter of"" PlotGER42",,,
228,PlotGER43,Islamic Hacker Union Propaganda 2012,CG,,"OrgINT20 ""Recruitment Supported By"" PlotGER43",,,
229,PlotGER44,IJU Ulm Recruitment Plot 2010,CG,,"OrgINT89 ""Recruitment Supported By"" PlotGER44",,,
230,PlotGER45,IJU Recruitment 2008,CG,,"OrgINT20, OrgINT89 ""Finacially/Logistically Supported By"" PlotGER45",,,
231,PlotGER46,German Targets Cell 2002,CG,no links,,,,
232,PlotGER47,Sauerland Plot Balkan Support Cell 2009,CG,no links,,,,
234,PlotGER49,IJU Bonn Foreign Fighter Network 2009,CG,,"OrgINT89 ""Recruitment supported by"" PlotGER49",,,
235,PlotGER5,Spangdahlem Air Force base plot 2002,CG,,"OrgINT89 ""Director of"" PlotGER5",,,
236,PlotGER50,Bonn Demonstration Police Stabbing 2012,CG,no links,,,,
237,PlotGER51,Sudan Training Camp Foreign Fighter Recruitment 2007,CG,no links,,,,
238,PlotGER52,Heidelberg US Army HQ Bomb Plot 2002,CG,no links,,,,"""Financial/Logistical Supporter of"""
755,PlotGER54,Frankfurt Airport Plot 2006,CG,no links,,,,"""Inspiration for"""
761,PlotGER55,Würzburg Axe Attack 2016,CG,,"OrgINT41 ""Inspiration for"" PlotGER55",,,"""Claimed responsibility for"""
762,PlotGER56,Ansbach Music Festival Bombing 2016,CG,,"OrgINT41 ""Claimed responsibility for"" PlotGER56",,,"""Director of"""
767,PlotGER57,Heinrich-Heine-Allee Attempted Bombing 2016,CG,no links,,,,"""Recruitment supported by"" "
778,PlotGER58,Düsseldorf Sleeper Cell 2016,CG,,"OrgINT41 ""Director of"" PlotGER58",,,"""Financially/Logistically supported by"""
792,PlotGER59,Berlin Christmas Market 2016,CG,no links,,,,
240,PlotGER6,Berlin Demonstration Bomb Plot 2003,CG,no links,,,,
793,PlotGER60,Essen Sikh Temple attack 2016,CG,no links,,,,
813,PlotGER61,Dortmund BVB Bus Attack 2017,CG,,"OrgINT41 ""Inspiration for"" PlotGER61",,,
815,PlotGER62,Northeim Police Bombing,CG,no links,,,,
825,PlotGER63,Limbecker Platz Bomb Plot 2017,CG,no links,,,,
848,PlotGER64,Hamburg Supermarket Knife Assault 2017,CG,no links,,,,
850,PlotGER65,Amatullah Verein Fundraising Ring,CG,,"OrgINT41, OrgINT75, OrgINT77 ""Financially/Logistically supported by"" PlotGER65",,,
867,PlotGER66,Stuttgart Arrest 2015,CG,,"OrgINT75 ""Financially/Logistically supported by"" PlotGER66",,,
880,PlotGER67,Al-Furqan Mosque Radicalization Cell,CG,no links,,,,
888,PlotGER68,2018 Cologne Ricin Plot,CG,no links,,,,
893,PlotGER69,Attack against Intelligence Staff in Germany 2017,CG,,"OrgINT41 ""Inspiration for"" PlotGER69",,,
241,PlotGER7,LaReunion Island Base 2003,CG,,"OrgINT20 ""Inspiration for"" PlotGER7",,,
938,PlotGER70,Checkpoint Charlie Cell Attack 2016,CG,no links,,,,
939,PlotGER71,2018-2019 Attempted Train Derailments,CG,,"OrgINT41 ""Inspiration for"" PlotGER71",,,
945,PlotGER72,Essen Foiled Attack 2017,CG,no links,,,,
949,PlotGER73,2020 Dresden Stabbing Attack,CG,no links,,,,
957,PlotGER74,Dresden Knife Attack 2020,CG,no links,,,,
242,PlotGER8,Ansar al-Islam Kurdish Network Fundraising 2003,CG,,"OrgINT20, OrgINT39 ""Financially/Logistically supported by"" PlotGER8",,,
243,PlotGER9,AQ Recruitment Network Germany 2005,CG,,"OrgINT20 ""Financially/Logistically supported by"" PlotGER9",,,
246,PlotINT11,AQ Casablanca Bombings 2003,CG,,"OrgINT48, OrgINT20 ""Financial/Logistical Supporter of"" PlotINT11",,,
247,PlotINT12,AMISOM Suicide Bombing 2011,CG,,"OrgINT70 ""Financial/Logistical Supporter of"" PlotINT12",,,
248,PlotINT13,US Embassy in Sarajevo Attack 2011,CG,no links,,,,
249,PlotINT14,US Embassy in Benghazi Bombing 2012,CG,,"OrgINT22 ""Claimed responsibility for"" PlotINT14",,,
,PlotINT14,US Embassy in Benghazi Bombing 2012,,,"OrgINT83, OrgINT128 ""Financial/Logistical Supporter of"" PlotINT14",,,
250,PlotINT15,Algeria Gas Plant Attack 2013,CG,no links,,,,
251,PlotINT16,Al Qaeda Israeli Embassy in Mauritania Attack 2008,CG,,"OrgINT20 ""Director of"" PlotINT16",,,
252,PlotINT17,AQ financing 2002,CG,,"OrgINT20 ""Financial/Logistical Supporter of"" PlotINT17",,,
253,PlotINT18,US Embassy in Sarajevo 2001,CG,no links,,,,
255,PlotINT2,Cairo Bazaar Bomb plot 2009,CG,no links,,,,
257,PlotINT21,Israeli Car Attack 1996,CG,no links,,,,
258,PlotINT22,Jordan Millennium Plot 1999,CG,,"OrgINT20 ""Financial/Logistical Supporter of"" PlotINT22",,,
259,PlotINT23,Al-Shabaab Kenya Holiday Bombing Campaign 2011,CG,no links,,,,
260,PlotINT24,Nairobi Bombing 2012,CG,no links,,,,
261,PlotINT25,Jericho Grenade Attack 2012,CG,no links,,,,
262,PlotINT26,Nairobi Shopping Mall Attack 2013,CG,,"OrgINT70 ""Financial/Logistical Supporter of"" PlotINT26",,,
263,PlotINT27,AQ Mombasa Attacks 2002,CG,,"OrgINT20 ""Director of"" PlotINT27",,,
264,PlotINT28,Lebanese Fatah Cell 2007,CG,,"OrgINT43 ""Director of"" PlotINT28",,,
265,PlotINT29,Syria Weapons Smuggling 2013,CG,,"OrgINT12 ""Director of"" PlotINT29",,,
266,PlotINT3,Mumbai Attacks 2008,CG,,"OrgINT58 ""Director of"" PlotINT3",,,
267,PlotINT30,Tangiers Cafe Sword Attack 2011,CG,no links,,,,
268,PlotINT31,Marrakech Bombing 2011,CG,no links,,,,
269,PlotINT32,Moroccan Recruitment and Financing 2012,CG,no links,,,,
270,PlotINT33,Daniel Pearl Murder 2002,CG,"no official links, but maybe al Qaeda links??",,,,
271,PlotINT34,Philippines Hackers Ring 2007,CG,,"OrgINT58 ""Financial/Logistical Supporter of"" PlotINT34",,,
272,PlotINT35,Riyadh Truck Bombing 2003,CG,no links,,,,
273,PlotINT36,Mogadishu Graduation Ceremony Bomb Plot 2009,CG,no links,,,,
274,PlotINT37,Hillary Clinton Assassination Plot 2009,CG,,"OrgINT70 ""Director of"" PlotINT37",,,
275,PlotINT38,AMISOM Base Attack 2009,CG,,"OrgINT70 ""Director of"" PlotINT38",,,
276,PlotINT39,World Cup Plot 2010,CG,no links,,,,
277,PlotINT4,Bali Bombings 2002,CG,,"OrgINT17 ""Director of"" PlotINT4",,,
278,PlotINT40,Ghriba Synagogue Bombing 2002,CG,,"OrgINT20 ""Claimed responsibility for"" PlotINT40",,,
279,PlotINT41,AQ Kampala Bombing 2010,CG,,"OrgINT70 ""Director of"" PlotINT41",,,
280,PlotINT42,April 2014 Abuja bombing,CG,no links,,,,
737,PlotINT43,Iraq suicide truck bombing 2015,CG,no links,,,,
738,PlotINT44,Iraqi quadruple car bombing 2015,CG,no links,,,,
752,PlotINT45,ISIS car bombing and shooting 2015,CG,,"OrgINT41 ""Director of"" PlotINT45",,,
811,PlotINT46,Attack on U.S. Marines 2002,CG,no links,,,,
816,PlotINT47,Mogadishu Hotel Attack,CG,,"OrgINT70 ""Director of""PlotINT47",,,
818,PlotINT48,Mogadishu Beachside Restaurant-Hotel Attack,CG,,"OrgINT70 ""Director of"" PlotINT48",,,
819,PlotINT49,Djibouti Attack on La Chaumiere Restaurant,CG,,"OrgINT70 ""Director of"" PlotINT49",,,
281,PlotINT5,Jakarta Car Bomb 2012,CG,,"OrgINT20, OrgINT17 ""Director of"" PlotINT5",,,
843,PlotINT50,Laurence Foley Murder,CG,no links,,,,
847,PlotINT51,Pune German Bakery Blast 2010,CG,,"OrgINT58 ""Director of"" PlotINT51",,,
877,PlotINT53,2015 Tunis Museum Attack,CG,,"OrgINT41 ""Claimed responsibility for"" PlotINT53",,,
878,PlotINT54,2015 Sousse Beach Attack,CG,,"OrgINT41 ""Claimed responsibility for"" PlotINT54",,,
,,,,,"OrgINT22 ""Financial/Logistical Supporter of"" PlotINT54",,,
881,PlotINT55,Larache Mausoleum Attack,CG,,"OrgINT20 ""Director of"" PlotINT55",,,
903,PlotINT56,Balkans Terrorism Plot,CG,,"OrgINT41 ""Financial/Logistical Supporter of"" PlotINT56",,,
909,PlotINT57,Saunders Couple Murder Plot 2018,CG,,"OrgINT41 ""Inspiration for"" PlotINT57",,,
676,PlotINT59,Limburg Supertanker Plot 2002,CG,no links,,,,
282,PlotINT6,Bojinka Plot 1995,CG,no links,,,,
659,PlotINT60,USS Cole Bombing 2000,CG,,"OrgINT20 ""Director of"" PlotINT60",,,
113,PlotINT61,AQIM French Tourist Murder 2007,CG,,"OrgINT8 ""Director of"" PlotINT61",,,
443,PlotINT62,Mike's Place Suicide Bombing 2003,CG,,"OrgINT84 ""Director of"" PlotINT62",,,
,PlotINT62,Mike's Place Suicide Bombing 2003,,,"OrgUK4 ""Financial/Logistical Supporter of"" PlotINT62",,,
626,PlotINT63,Gun Smuggling for Al-Shabaab 2006,CG,,"OrgINT72 ""Financial/Logistical Supporter of"" PlotINT63",,,
946,PlotINT64,Embassy and American Cooperative School of Tunis Attack 2012,CG,,"OrgINT79 ""Financial/Logistical Supporter of"" PlotINT64",,,
37,PlotINT65,Belliraj criminal gang and weapons smuggling network 2010,CG,no links,,,,
297,PlotINT66,US Embassy in Tirana 1998,CG,no links,,,,
385,PlotINT67,Nador Terror Cell 2013,CG,no links,,,,
475,PlotINT68,Camp Chapman Attack 2009,CG,no links,,,,
233,PlotINT69,German Taliban Waziristan Cell 2010,CG,,"OrgDEU17 ""Director of"" PlotINT8 PlotINT69",,,
954,PlotINT70,Balkan Recruitment Plot,CG,,"OrgINT41 ""Recruitment supported by"" PlotINT70",,,
283,PlotINT8,US-Afghan Army Base attack 2009,CG,,"OrgDEU17 ""Director of"" PlotINT8",,,
284,PlotINT9,US embassies in Kenya and Tanzania 1998,CG,,"OrgINT20, OrgINT11 ""Director of"" PlotINT9",,,
285,PlotIRE1,AQ Fundraising 2001,CG,,"OrgINT20 ""Financially/Logistically supported by"" PlotIRE1",,,
844,PlotIRE2,ISIS Internet Fraud Ring,CG,,"OrgINT41 ""Financially/Logistically supported by"" PlotIRE2",,,
288,PlotIT11,Milan Cell 2001,CG,"connected a bombing of the US embassy in Rome, not sure which plot though",,,,
289,PlotIT12,Rome Cyanide Plot 2002,CG,,"OrgINT20 ""Financial/Logistical Supporter of"" PlotIT12",,,
290,PlotIT13,Rome Cyanide Plot 2 2002,CG,,"OrgIT1 ""Director of"" PlotIT13",,,
291,PlotIT14,Milan Subway Arson 2002,CG,no links,,,,
292,PlotIT15,Fumicino Airport Attack Plot 2002,CG,no links,,,,
293,PlotIT16,Milan Tunisian group 2 2007,CG,no links,,,,
294,PlotIT17,Italian Kurdish Network 2003,CG,,"OrgINT39 ""Financially/Logistically supported by"" PlotIT17",,,
295,PlotIT18,Terror Support Deportation 2003,CG,,"OrgINT20 ""Inspiration for"" PlotIT18",,,
296,PlotIT19,Como Fundraising Support Cell 2003,CG,no links,,,,
298,PlotIT20,Ansar al-Islam Cremona Cathedral Bomb Plot 2005,CG,,"OrgINT39 ""Financial/Logistical Supporter of"" PlotIT20",,,
299,PlotIT21,Turin Winter Olympics Plot 2005,CG,no links,,,,
300,PlotIT22,American Targets in Rome 2003,CG,no links,,,,
301,PlotIT23,Arms Trafficking and Support for AQ 2006,CG,,"OrgINT7, OrgINT6 ""Financial/Logistical Supporter of"" PlotIT23",,,
,PlotIT23,Arms Trafficking and Support for AQ 2006,,,"OrgFR15 ""Financially/Logistically supported by"" PlotIT23",,,
302,PlotIT24,GSPC Tunisian Embassy Plot 2007,CG,,"OrgINT8 ""Director of"" PlotIT24",,,
303,PlotIT25,Perugia Mosque Bomb Training 2007,CG,,"OrgIT8 ""Director of"" PlotIT25",,,
304,PlotIT26,Base Plot Arrest 2007,CG,no links,,,,
305,PlotIT27,AQIM Bologna Recruitment Cell 2008,CG,no links,,,,
306,PlotIT28,Milan Bomb Plot 2008,CG,no links,,,,
307,PlotIT29,Milan Police Station Suicide Bombing 2009,CG,no links,,,,
308,PlotIT3,GSPC Cremona Cathedral Bomb 2003,CG,,"OrgINT8, OrgINT39 ""Director of"" PlotIT3",,,
309,PlotIT30,Operation Special Hajj 2009,CG,no links,,,,
310,PlotIT31,Operation Matmata 2010,CG,no links,,,,
311,PlotIT32,Pope Benedict Plot 2011,CG,no links,,,,
312,PlotIT33,AQIM Fundraising and Support 2011,CG,," OrgINT128 ""Financially/Logistically supported by"" PlotIT33",,,
313,PlotIT34,Milan Synagogue Plot 2012,CG,no links,,,,
314,PlotIT35,Turin Network 2012,CG,no links,,,,
315,PlotIT36,Venice Human Smuggling 2012,CG,no links,,,,
318,PlotIT39,Milan Cell US Embassy in Rome 2001,CG,,"OrgFR11 ""Director of"" PlotIT39",,,
319,PlotIT4,GSPC Cremona Coordination Cell 2003,CG,no links,,,,
320,PlotIT40,Florence Iraq Recruitment Network 2004,CG,no links,,,,
321,PlotIT41,Milan GSPC Support Cell 2011,CG,,"OrgINT8 ""Financially/Logistically supported by"" PlotIT41",,,
322,PlotIT42,Milan Tunisian Terrorism Support Network 2002,CG,no links,,,,
323,PlotIT43,Bologna GIA Cell 1998,CG,,"OrgINT7 ""Financial/Logistical Supporter of"" PlotIT43",,,
324,PlotIT44,US Embassy in Rome Gas Plot 2002,CG,no links,,,,
730,PlotIT45,McDonald's Attack 2004,CG,no links,,,,
731,PlotIT46,Modena Synagogue Bombing 2003,CG,no links,,,,
826,PlotIT47,Venice Jihadi Cell,CG,no links,,,,
827,PlotIT48,Rialto Bridge Bomb Plot 2017,CG,unclear if there are links,,,,
828,PlotIT49,The Leaning Tower of Pisa Attack 2016,CG,no links,,,,
325,PlotIT5,LIFG Turin Fundraising Cell 2003,CG,,"OrgINT46 ""Financially/Logistically supported by"" PlotIT5",,,
833,PlotIT50,Syrian and Egyptian Jihadists Cell in Milan,CG,no links,,,,
870,PlotIT51,Vatican Attack,CG,,"OrgINT41 ""Financial/Logistical Supporter of"" PlotIT51",,,
871,PlotIT52,False Identification Ring,CG,,"OrgINT70 ""Financially/Logistically supported by"" PlotIT52",,,
914,PlotIT53,People Trafficking Gang 2018,CG,no links,,,,
926,PlotIT54,Italy Poison Attack,CG,,"OrgINT41 ""Claimed responsibility for"" PlotIT54",,,
338,PlotIT55,Andria Jihad Recruitment 2013,CG,no links,,,,
941,PlotIT56,San Petronio Basilica Plot 2002,CG,,"OrgINT20 ""Financial/Logistical Supporter of"" PlotIT56",,,
326,PlotIT6,GICM Spain Fundraising Cell 2005,CG,,"OrgINT48 ""Financially/Logistically supported by"" PlotIT6",,,
327,PlotIT7,North Italian Network 2005,CG,,"OrgINT8 ""Financially/Logistically supported by"" PlotIT7",,,
328,PlotIT8,Bombmaking Arrest Italy 2005,CG,no links,,,,
329,PlotIT9,Pope Assassination Plot 2010,CG,no links,,,,
330,PlotLUX1,US Embassy in Luxembourg 2007,CG,,"OrgINT8 ""Financial/Logistical Supporter of"" PlotLUX1",,,
331,PlotLUX2,EU Parliament Bomb Plot 2003,CG,,"OrgLUX1 ""Director of"" PlotLUX2",,,
332,PlotNL1,Villeroux Car Chase Arrest 1995,CG,no links,,,,
333,PlotNL10,Amsterdam Bomb Threats 2009,CG,no links,,,,
334,PlotNL11,Dutch Targets 2010,CG,no links,,,,
335,PlotNL12,Wilders Threats 2012,CG,no links,,,,
336,PlotNL13,Hague Mumbai Plot 2012,CG,,"OrgINT20 ""Financial/Logistical Supporter of"" PlotNL13",,,
337,PlotNL14,Rotterdam Somali Ring 2010,CG,no links,,,,
340,PlotNL17,Dutch Politicians Death Threats 2004,CG,no links,,,,
341,PlotNL18,DWR Zoetermeer Recruitment 2013,CG,,"OrgNLD9 ""Financial/Logistical Supporter of"" PlotNL18",,,
895,PlotNL19,Amsterdam Central Station Knife Attack 2018,CG,no links,,,,
915,PlotNL20,Amsterdam Synangogue Attack 2016,CG,no links,,,,
892,PlotNL21,Major Terrorist Plot in the Netherlands 2018,CG,,"Potential link to OrgINT41, but unsure",,,
343,PlotNL3,Ofkeli Recruitment group 2001,CG,,"OrgINT20, OrgINT8 ""Recruitment supported by""  PlotNL3",,,
,PlotNL3,Ofkeli Recruitment group 2001,,,"OrgNLD2 ""Financial/Logistical Supporter of"" PlotNL3",,,
344,PlotNL4,Tirana Jihad Recruitment group 2002,CG,no links,,,,
345,PlotNL5,Walters Hague Confrontation 2004,CG,no links,,,,
346,PlotNL6,Theo Van Gogh Assassination 2004,CG,," OrgNLD6 ""Financial/Logistical Supporter of"" PlotNL6",,,
347,PlotNL7,Police Stabbing 2007,CG,no links,,,,
348,PlotNL8,Piranha group Arrest 2005,CG,no links,,,,
349,PlotNL9,Nassari Suicide Plot 2006,CG,no links,,,,
350,PlotNOR1,Westergaard Assassination Plot 2011,CG,no links,,,,
351,PlotNOR2,Oslo Parliament Demonstration and Threats 2012,CG,no links,,,,
352,PlotNOR3,Oslo Synagogue Plot 2006,CG,no links,,,,
353,PlotPOR1,GSPC funding 2007,CG,," OrgINT8 ""Financially/Logistically supported by"" PlotPOR1",,,
355,PlotPOR3,AQ Operation Alfarroba 2002,CG,," OrgINT20 ""Director of"" PlotPOR3",,,
163,PlotPOR4,Euro 2004 Soccer Championship Plot 2003,CG,no links,,,,
356,PlotSP1,Robbery and Fraud Fundraising Ring 2003,CG,no links,,,,
357,PlotSP10,Terror Financing 2007,CG,," OrgINT20 ""Financially/Logistically supported by"" PlotSP10",,,
358,PlotSP11,Operation Lago 2003,CG,no links,,,,
359,PlotSP12,Madrid Train Bombings 2004,CG,,"OrgINT48, OrgINT20, OrgINT46 ""Director of"" PlotSP12",,,
360,PlotSP13,Operacion Appreciatte 1997,CG,,"OrgINT7 ""Financially/Logistically supported by"" PlotSP13",,,
361,PlotSP14,Spanish National Court Bomb Plot 2004,CG,no links,,,,
362,PlotSP15,Madrid Landmarks Plot 2004,CG,,,,,
363,PlotSP16,Jihad Recruitment in Barcelona 2006,CG,,Associated with orgINT20,,,
364,PlotSP17,Ceuta Targets Plot 2006,CG,,Associated with orgINT48,,,
365,PlotSP18,Catalonia Jihad Recruitment 2007,CG,no links,,,,
366,PlotSP19,Operation Tala Recruitment 2007,CG,no links,,,,
367,PlotSP2,GSPC Spain Fundraising Cell 2005,CG,,"OrgINT8 ""Financially/Logistically supported by"" PlotSP2",,,
368,PlotSP20,Barcelona Public Building Plot 2007,CG,no links,,,,
369,PlotSP21,Online Jihad Recruitment 2007,CG,,"OrgINT38 ""Recruitment supported by"" PlotSP21",,,
370,PlotSP22,Tablighi Jamaat Barcelona Subway plot 2008,CG,,"OrgINT35 ""Financial/Logistical Supporter of"" PlotSP22",,,
371,PlotSP23,Weapons Trafficking network 2008,CG,no links,,,,
372,PlotSP24,Operation Submarino 2008,CG,,"OrgINT8 ""Recruitment supported by"" PlotSP24",,,
373,PlotSP25,LET Fundraising Spain 2009,CG,,"OrgINT20 ""Financially/Logistically supported by"" PlotSP25",,,
374,PlotSP26,Operation Kampai 2010,CG,,"OrgINT20 ""Financially/Logistically supported by"" PlotSP26",,,
375,PlotSP27,Gran Canaria Children Recruitment 2011,CG,no links,,,,
376,PlotSP28,Water Resevoir Plot 2011,CG,no links,,,,
379,PlotSP30,AQ Recruitment and Support - Almalki 2012,CG,,"OrgINT20 ""Recruitment supported by"" PlotSP30",,,
380,PlotSP31,Melilla Recruitment 2012,CG,no links,,,,
381,PlotSP32,Rota Base Plot 2012,CG,no links,,,,
382,PlotSP33,Spanish and European Terror Plot 2013,CG,no links,,,,
383,PlotSP34,Terrorism Documents Possession - Ben Omar 2013,CG,no links,,,,
384,PlotSP35,Zaragoza Online Propaganda 2013,CG,no links,,,,
386,PlotSP37,Ceuta Jihadist Recruitment 2013,CG,no links,,,,
387,PlotSP38,Barcelona GIA Support Network 1997,CG,no links,,,,
388,PlotSP39,Melilla Recruitment 2014,CG,,Associated with orgINT20,,,
389,PlotSP4,GSPC Spain Recruitment Cell 2006,CG,,"OrgINT8 ""Recruitment supported by"" PlotSP4",,,
390,PlotSP40,Al Andalus Bridge Recruitment Ring 2014,CG,no links,,,,
392,PlotSP42,Malaga Recruitment 2014,CG,no links,,,,
393,PlotSP43,Ceuta Jihad Support 2014,CG,,"OrgINT20, OrgINT41 ""Financially/Logistically supported by"" PlotSP43",,,
394,PlotSP44,Alberto Fernandez attack 2013,CG,no links,,,,
751,PlotSP45,Catalonia Jewish Targets 2015,CG,,"OrgSP5 ""Director of"" PlotSP45",,,
754,PlotSP46,Moroccan-Spanish Recruitment Ring 2015,CG,,"OrgINT41 ""Financial/Logistical Supporter of"" PlotSP46",,,
824,PlotSP47,Operation Appreciate Prison Funding 2004,CG,no links,,,,
835,PlotSP48,Barcelona and Cambrils Attacks August 2017,CG,,"OrgINT41 ""Financial/Logistical Supporter of""",,,
395,PlotSP5,Spanish Cartoons Threats 2006,CG,no links,,,,
901,PlotSP50,Mallorca Foreign Fighter Recruitment Cell 2015,CG,,"OrgINT41 ""Financially/Logistically supported by"" PlotSP50",,,
925,PlotSP51,Emirtrucks Trading SL,CG,no links,,,,
354,PlotSP52,Mallorca Foreign Fighter Recruitment Cell 2005,CG,no links,,,,
928,PlotSP53,Operation Wamor,CG,,"OrgINT20 ""Financially/Logistically supported by"" PlotSP53",,,
944,PlotSP54,Second Barcelona Attack,CG,,"OrgINT41 ""Financial/Logistical Supporter of"" PlotSP54",,,
256,PlotSP55,AQ Financing Spain 2002,CG,no links,,,,
396,PlotSP6,Spain AQIM Fundraising 2008,CG,,"OrgINT8 ""Financially/Logistically supported by"" PlotSP6",,,
397,PlotSP7,Valencia GIA Support 1997,CG,,"OrgINT7 ""Financially/Logistically supported by"" PlotSP7",,,
398,PlotSP8,GSPC Fake Passport Network 2001,CG,,"OrgINT8, OrgINT7, OrgINT20 ""Financially/Logistically supported by"" PlotSP8",,,
399,PlotSP9,Abu Dahdah Cell in Spain,CG,,"OrgINT20 ""Recruitment supported by"" PlotSP9",,,
400,PlotSWE1,Ryanair Hijacking 2002,CG,no links,,,,
401,PlotSWE10,Stockholm Suicide Bombing 2010,CG,no links,,,,
402,PlotSWE11,Gothenburg Bomb Plot 2010,CG,no links,,,,
809,PlotSWE12,Stockholm Truck Attack 2017,CG,no links,,,,
883,PlotSWE13,2013 VAT Fraud (Angered),CG,no links,,,,
887,PlotSWE14,2013 VAT Fraud (Bergsjön),CG,no links,,,,
916,PlotSWE15,Swedish Chemical Bomb plot 2018,CG,,Inspired by orgINT41,,,
403,PlotSWE2,Brandenbergen Mosque Network 2005,CG,,Recruitment for orgINT39,,,
404,PlotSWE3,Sweden Al-Shabaab Recruitment and Fundraising 2008,CG,,"OrgINT70 ""Financially/Logistically supported by"" PlotSWE3",,,
405,PlotSWE4,Ansar al-Islam Terrorism Financing 2004,CG,no links,,,,
406,PlotSWE5,Vilks Assassination Plot 2011,CG,no links,,,,
407,PlotSWE6,Irbil Bombing 2004,CG,no links,,,,
408,PlotSWE7,Lars Vilks Firebombing 2010,CG,no links,,,,
409,PlotSWE8,Waziristan Trip 2009,CG,no links,,,,
410,PlotSWE9,Scandinavian Somalia Jihad Fundraising 2008,CG,,"OrgINT70 ""Financially/Logistically supported by"" PlotSWI1",,,
411,PlotSWI1,Swiss El Al Airline Plot 2006,CG,no links,,,,
412,PlotSWI2,GSPC Fundraising in Zurich 2006,CG,,"OrgINT8 ""Financially/Logistically supported by"" PlotSWI2",,,
413,PlotSWI3,Ansar al-Islam Websites 2012,CG,,"OrgINT39 ""Financially/Logistically supported by"" PlotSWI3",,,
414,PlotSWI4,AQ Swiss Hub 2004,CG,,"OrgINT20 ""Recruitment supported by"" PlotSWI4",,,
948,PlotSWI5,2020 Lugano Stabbing,CG,no links,,,,
933,PlotTST1,TEST,CG,,,,,
415,PlotUK1,UK Terrorism documents arrest 2007,KH,no links,,,,
416,PlotUK10,UK LIFG Funding 2007,KH,,"OrgINT46 ""Financially/Logistically supported by"" PlotUK10",,,
417,PlotUK100,Derby UK Homphobic Threats and Propaganda 2010,KH,,"OrgUK4 ""Financially/Logistically supported by"" PlotUK100",,,
418,PlotUK101,Leicester AQ funding 2001,KH,,"OrgINT20 ""Financially/Logistically supported by"" PlotUK101",,,
419,PlotUK103,Lee Rigby Murder 2013,KH,,"OrgINT70 ""Inspiration for"" PlotUK103",,,
420,PlotUK104,Woolwich Online Propaganda 2013,KH,,,,,
421,PlotUK105,Operation Praline 2005,KH,,"OrgINT20 ""Inspiration for"" PlotUK105",,,
422,PlotUK106,Hero Attack 2005,KH,no links,,,,
423,PlotUK107,Operation Odin 2001,KH,no specific links ,,,,
424,PlotUK108,UK Jihad Recruitment 2007,KH,no specific links ,,,,
425,PlotUK109,London Mumbai Style Attack 2013,KH,no specific links ,,,,
426,PlotUK11,UK Bomb manufacturer 2007,KH,couldn't find links ,,,,
427,PlotUK110,Lee Rigby Style London Attack 2014,KH,,,,,
428,PlotUK111,London ISIS Recruitment Ring 2014,KH,,"OrgINT41 ""Recruitment supported by"" PlotUK111",,,
429,PlotUK112,London ISIS False Document Ring 2014,KH,,"OrgINT41 ""Financially/Logistically supported by"" PlotUK112",,,
430,PlotUK113,London Remembrance Day Plot 2014,KH,,"OrgINT41 ""Inspiration for""",,,
431,PlotUK114,London Moped Driveby Plot 2014,KH,,"OrgINT41 ""Inspiration for""",,,
690,PlotUK115,Chesterfield Jail Documents 2007,KH,no specific links ,,,,
753,PlotUK116,Portuguese Recruitment Ring in Leyton,KH,this may be a portugal plot??,recruitment for ISIS [OrgINT41]  and al-Shabaab [OrgINT70] ,,,
764,PlotUK117,Rochdale Imam Murder 2016,KH,,"OrgINT41 ""Inspiration for"" PlotUK117",,,
770,PlotUK118,Bank of Terror London 2015,KH,,"OrgINT41 ""Financially/Logistically supported by"" PlotUK118",,,
806,PlotUK119,Westminster Attack 2017,KH,,"OrgUK4, OrgINT20 ""Inspiration for"" PlotUK119",,,
432,PlotUK12,Barnes Trial Witness Intimidation 2013,KH,,,,,
814,PlotUK120,Murder of Jala Uddin 2016,KH,,"OrgINT41 ""Inspiration for"" PlotUK120",,,
820,PlotUK121,"""Three Musketeers"" Plot 2016",KH,,"OrgINT41 ""Inspiration for"" PlotUK121",,,
821,PlotUK122,Manchester Attack 2017,KH,,"OrgINT41 ""Inspiration for"" PlotUK122",,,
822,PlotUK123,London Bridge Attack 2017,KH,,"OrgINT41 ""Inspiration for"" PlotUK123",,,
,PlotUK123,London Bridge Attack 2017,,,"OrgUK4 ""Financial/Logistical Supporter of"" PlotUK123",,,
823,PlotUK124,Manchester Foreign Fighting Attempt 2014,KH,,"OrgINT41 ""Financially/Logistically supported by"" PlotUK124",,,
845,PlotUK125,Derbyshire Homemade Bomb Plot,KH,,"OrgINT41 ""Inspiration for"" PlotUK125",,,
851,PlotUK126,Theresa May London Attack 2017,KH,,"OrgINT41 ""Inspiration for"" PlotUK126",,,
858,PlotUK128,UK Parliament Car Bomb Plot 2017,KH,,,,,
860,PlotUK129,Parsons Green Train Bombing 2017,KH,,"OrgINT41 ""Inspiration for"" PlotUK129",,,
433,PlotUK13,Aden Bomb Plot 1998,KH,no specific links,,,,
863,PlotUK130,UK All Female Knife Attack 2017,KH,,"OrgINT41, OrgINT20 ""Inspiration for"" PlotUK130",,,
864,PlotUK131,Small Heath Park Cash Exchange 2015,KH,,,,,
894,PlotUK132,Oxford Street Terror Plot 2018,KH,,"OrgINT41 ""Inspiration for"" PlotUK132",,,
897,PlotUK133,Drones and Fundraising Plot 2017,KH,,"OrgINT41 ""Financially/Logistically supported by"" PlotUK133",,,
899,PlotUK134,Birmingham Knife Attack 2017,KH,,"OrgINT41 ""Inspiration for"" PlotUK134",,,
900,PlotUK135,2018 Westminster Car Attack,KH,no specific links,,,,
907,PlotUK136,Christmas Terror Plot 2018,KH,,"OrgINT41 ""Inspiration for"" PlotUK136",,,
908,PlotUK137,Walsall Fundraising 2015,KH,,"OrgINT41 ""Financially/Logistically supported by"" PlotUK137",,,
910,PlotUK138,Islam Walsall Group,KH,can't find specific links,,,,
911,PlotUK139,Manchester New Year's Eve Stabbing,KH,likely ISIS but no confirmation,,,,
434,PlotUK14,West London Army Base attack 1999,KH,,"OrgUK4 ""Director of"" PlotUK14",,,
927,PlotUK140,London Bridge Attack 2019,KH,no specific links,,,,
930,PlotUK141,Manchester Airport Pipe Bomb,KH,no links ,,,,
457,PlotUK142,Hoax Bomb 2007,KH,,"OrgINT20 ""Inspiration for"" PlotUK142",,,
953,PlotUK143,2019 Manchester Terror Plot,KH,,"OrgINT41 ""Inspiration for"" PlotUK143",,,
435,PlotUK15,Terrorism Fundraising UK 2001,KH,,"OrgINT20 ""Financially/Logistically supported by"" PlotUK15",,,
436,PlotUK16,9/11 Heathrow Attack 2001,KH,,"OrgINT20 ""Inspiration for"" PlotUK16",,,
437,PlotUK17,Operation Full Circle 2001,KH,,"OrgUK4 ""Director of"" PlotUK17",,,
438,PlotUK18,Tipton Three 2001,CG,no links,,,,
440,PlotUK2,Forgery Group Plot 1997,CG,,"OrgINT7 ""Financially/Logistically supported by"" PlotUK2",,,
441,PlotUK20,AQ London Tube Chemical Plot 2002,CG,no links,,,,
442,PlotUK21,Operation Springbourne 2003,CG,no links,,,,
444,PlotUK23,Abi-Iyad Insurance Fraud Fundraising 2004,CG,no links,,,,
445,PlotUK24,Azzam Publications Recruitment 2004,CG,,"OrgUK8  ""Financial/Logistical Supporter of"" PlotUK24",,,
,PlotUK24,Azzam Publications Recruitment 2004,,,"OrgINT1 ""Financially/Logistically supported by"" PlotUK24",,,
447,PlotUK26,Danish Cartoon London Embassy Demonstration 2005,CG,no links,,,,
448,PlotUK27,7/7 London Bombings 2005,CG,no links,,,,
449,PlotUK28,7/21 London Bombings 2005,CG,no links,,,,
450,PlotUK29,Schoolboys Travel to Pakistan 2006,CG,,"OrgUK7 ""Inspiration for"" PlotUK29",,,
451,PlotUK3,Birmingham Bomb Factory 2000,CG,no links,,,,
452,PlotUK30,Operation Forest Gate 2006,CG,not in database,,,,
453,PlotUK31,Transatlantic Aircraft Liquid Bomb plot 2006,CG,no links,,,,
454,PlotUK32,Nairobi Four Travel to Somalia 2006,CG,no links,,,,
455,PlotUK33,Jihad Pamphlet Distribution in the UK 2007,CG,no links,,,,
456,PlotUK34,UK Solider Kidnapping Conspiracy 2006-2007,CG,no links,,,,
458,PlotUK36,AQ Propaganda - Jobe 2007,CG,no links,,,,
459,PlotUK37,London Limousine and Glasgow Airport Attack 2007,CG,no links,,,,
460,PlotUK38,Ali Terror Materials Arrest 2007,CG,no links,,,,
461,PlotUK39,British Airways Pilot Arrest 2007,CG,no links,,,,
462,PlotUK4,Document Possession 2002,CG,no links,,,,
463,PlotUK40,Al-Shabaab London Terror Fundraising 2007,CG,no links,,,,
464,PlotUK41,Broadmead Shopping Center Plot 2008,CG,no links,,,,
465,PlotUK42,Foreign Fighter Return arrest 2008,CG,no links,,,,
466,PlotUK43,Giraffe Cafe Bomb 2008,CG,no links,,,,
467,PlotUK44,Forum Threats arrest 2008,CG,,"OrgINT20 ""Inspiration for"" PlotUK44",,,
468,PlotUK45,Al-Muhajiroun Gibson Square Firebombing 2008,CG,no links,,,,
469,PlotUK46,Terrorism Material Arrest 2008,CG,no links,,,,
470,PlotUK47,West Midlands Cell arrest 2008,CG,no links,,,,
471,PlotUK48,Online Terror Incitement - Gul 2009,CG,no links,,,,
472,PlotUK49,Green Crescent Charity Fundraising 2009,CG,no links,,,,
473,PlotUK5,Plane Bombing Planning Arrest 2003,CG,no links,,,,
474,PlotUK50,Manchester Afghanistan recruitment network 2009,CG,,"OrgINT1 ""Recruitment supported by"" PlotUK50",,,
476,PlotUK52,Operation Pathway 2009,CG,no links,,,,
477,PlotUK53,British Airways Bomb Plot 2010,CG,no links,,,,
478,PlotUK54,Stephen Timms Assassination Attempt 2010,CG,no links,,,,
479,PlotUK55,Operation Ranmoor 2010,CG,no links,,,,
480,PlotUK56,London Stock Exchange Plot 2010,CG,,Associated with orgUK4,,,
481,PlotUK57,UK Inspire Possession 2011,CG,,"OrgINT29, OrgINT20 ""Inspiration for"" PlotUK57",,,
482,PlotUK58,Ricin Production Instructions 2011,CG,no links,,,,
483,PlotUK59,Terror Incitement - Naik 2011,CG,no links,,,,
484,PlotUK6,LeT UK Fundraising 2006,CG,,"OrgINT58 ""Financially/Logistically supported by"" PlotUK6",,,
485,PlotUK60,AQAP Olympic Games Airliner Plot 2012,CG,,"OrgINT83 ""Director of"" PlotUK60",,,
486,PlotUK61,AQAP Inspire Magazine Online Propaganda 2011,CG,,Associated with orgINT83,,,
487,PlotUK62,Online Incitement - Kamran 2011,CG,,"OrgINT29 ""Inspiration for"" PlotUK62",,,
488,PlotUK63,UK Manchester Jewish Community Attack 2011,CG,no links,,,,
489,PlotUK64,Canton Police Threats 2011,CG,no links,,,,
490,PlotUK65,Operation Pitsford 2011,CG,no links,,,,
491,PlotUK66,UnitedUmmah Protests 2011,CG,no links,,,,
492,PlotUK67,Birmingham Terrorism Material Arrest 2011,CG,no links,,,,
493,PlotUK68,Eton Bomb Plot 2012,CG,no links,,,,
494,PlotUK69,Al-Shabaab Khat Fundraising 2012,CG,,"OrgINT70 ""Financially/Logistically supported by"" PlotUK69",,,
495,PlotUK7,Cheetham Hill Plot 2005,CG,no links,,,,
496,PlotUK70,Terrorism Documents Possession - Benares 2012,CG,,Associated with orgINT29,,,
497,PlotUK71,Oman Terrorism Support 2012,CG,no links,,,,
498,PlotUK72,Remote Bomb Plot 2012,CG,,"OrgINT29 ""Inspiration for"" PlotUK72",,,
499,PlotUK73,Olympic Park Suicide Plot 2012,CG,no links,,,,
500,PlotUK74,London Olympics Plot 2012,CG,no links,,,,
501,PlotUK75,EDL Demonstration Attack 2012,CG,no links,,,,
502,PlotUK76,Wootton Bassett Plot 2012,CG,no links,,,,
503,PlotUK77,Terrorism Documents - Faridi 2012,CG,,Associated with orgINT29,,,
504,PlotUK78,Bradford Terrorism Documents Possession 2012,CG,no links,,,,
505,PlotUK79,Birmingham Terrorism Documents Possession 2012,CG,no links,,,,
506,PlotUK8,UK LIFG Cell 2006,CG,,"OrgINT46 ""Director of"" PlotUK8",,,
507,PlotUK80,UK Cantlie and Oerlemans Kidnapping 2012,CG,,Associated with orgINT41,,,
508,PlotUK81,Inspire Possession - Ali 2012,CG,,Associated with orgINT29,,,
509,PlotUK82,London Jihadist Vigilante Gang 2013,CG,no links,,,,
510,PlotUK83,Operation Warlock 2001,CG,no links,,,,
511,PlotUK84,Mohammed Terror Propaganda Possession 2007,CG,no links,,,,
512,PlotUK85,Jihad Preaching 2004,CG,no links,,,,
513,PlotUK86,Operation Crevice 2004,CG,no links,,,,
514,PlotUK87,Altimimi Cell 2006,CG,no links,,,,
515,PlotUK88,GIA Fraud Scheme 2003,CG,,"OrgINT7 ""Financially/Logistically supported by"" PlotUK88",,,
516,PlotUK89,Finsbury Park Fraud Scheme 2002,CG,,"OrgUK15 ""Financial/Logistical Supporter of"" PlotUK89",,,
517,PlotUK9,Boxing Day Disappearance Magag 2007,CG,,Associated with orgINT20 and orgINT70,,,
518,PlotUK90,Airplane Shooting Plot 2008,CG,no links,,,,
519,PlotUK92,Anti-semitic incitement 2000,CG,,Associated with orgUK4,,,
520,PlotUK93,UK terrorism training camp and Foreign Fighter Recruitment 2005,CG,no links,,,,
521,PlotUK94,Terrorism incitement and propaganda 2006,CG,no links,,,,
522,PlotUK95,Qureshi Terrorism support and fundraising 2006,CG,no links,,,,
523,PlotUK96,Inspire possession 2012,CG,,Associated with orgINT29,,,
524,PlotUK97,Missile Smuggling and Plane Targets 2005,CG,no links,,,,
525,PlotUK98,Bluewater Mall Plot 2008,CG,no links,,,,
526,PlotUK99,UK Bow Teacher Attack 2010,CG,no links,,,,
527,PlotUS1,Atlantic Ave Subway Plot 1997,KH,,"OrgINT84 ""Inspiration for"" PlotUS1",,,
528,PlotUS10,AQAPPOTUS Assassination Arrest 2003,KH,,"OrgINT20 ""Financial/Logistical Supporter of"" PlotUS10",,,
529,PlotUS100,Ecuador Tehrik-e-Taliban Material Support 2011,KH,,"OrgINT61 ""Financially/Logistically supported by"" PlotUS100",,,
530,PlotUS101,Manhattan Terrorism Plot 2011,KH,no links,,,,
531,PlotUS102,Miami Pakistani Taliban Support 2011,KH,provided support for an organization but didn't say which specific one. ,,,,
532,PlotUS103,Kentucky Iraq Jihad Support 2011,KH,,"OrgINT20 ""Financially/Logistically supported by"" PlotUS103",,,
533,PlotUS104,Arlington Cemetery and Military Shootings 2011,KH,no links,,,,
534,PlotUS105,Seattle Military Processing Center Plot 2011,KH,no links,,,,
535,PlotUS106,Jihad Mike Marine Car Attack 2011,KH,,,,,
536,PlotUS107,Obama Threats 2011,KH,no links,,,,
537,PlotUS108,Heroin for SAM Case 2011,KH,,"OrgINT44 ""Financially/Logistically supported by"" PlotUS108",,,
538,PlotUS109,Fort Hood Planned Attack 2011,KH,,"OrgINT30 ""Inspiration for"" PlotUS109",,,
539,PlotUS11,AQ Payments 2003,KH,,"OrgINT20 ""Financially/Logistically supported by"" PlotUS11",,,
540,PlotUS110,AQAP Nigerian Material Support 2011,KH,,"OrgINT83 ""Financial/Logistical Supporter of"" PlotUS110",,,
541,PlotUS111,Orlando Recruitment Ring 2011,KH,recruitment for an organization but specific organization is not said. ,,,,
542,PlotUS112,LeT US Online Support 2011,KH,,"OrgINT58 ""Recruitment supported by"" PlotUS112",,,
543,PlotUS113,9/11 Anniversary Car Crash 2011,KH,no links,,,,
544,PlotUS114,Saudi Ambassador Assassination Plot 2011,KH,,"OrgINT44 ""Financial/Logistical Supporter of"" PlotUS114",,,
545,PlotUS115,NYC Pipe Bomb Plot 2011,KH,,"OrgINT20 ""Inspiration for"" PlotUS115",,,
546,PlotUS116,Remote Aircraft Explosives Plot 2011,KH,,"OrgINT20 ""Inspiration for"" PlotUS116",,,
547,PlotUS117,Tampa Bomb Plot 2012,KH,,"OrgINT20 ""Inspiration for"" PlotUS117",,,
,PlotUS117,Tampa Bomb Plot 2012,,,"OrgINT54 ""Financial/Logistical Supporter of"" PlotUS117",,,
548,PlotUS118,El-Khalifi US Capitol Bomb Plot 2012,KH,no links,,,,
549,PlotUS119,Austin Money Laundering 2012,KH,,"OrgINT44 ""Financially/Logistically supported by"" PlotUS119",,,
550,PlotUS12,US PIJ Cell 2003,KH,,"OrgINT15 ""Recruitment supported by"" PlotUS12",,,
551,PlotUS120,Pittsburgh Bomb Plot & Weapons Possession 2012,KH,,"OrgINT1 ""Inspiration for"" PlotUS120",,,
552,PlotUS121,Car Money Smuggling 2010,KH,,"OrgINT44 ""Financially/Logistically supported by"" PlotUS121",,,
553,PlotUS122,Central American Hezbollah Cell 2012,KH,,"OrgINT44 ""Financially/Logistically supported by"" PlotUS122",,,
554,PlotUS123,Chicago Bar Bomb 2012,KH,no specific links,,,,
555,PlotUS124,UT Brownsville Threat 2012,KH,,,,,
556,PlotUS125,NY Fed Plot 2012,KH,,"OrgINT20 ""Inspiration for"" PlotUS125",,,
557,PlotUS126,Al Qaeda Southern California Recruitment 2012,KH,,"OrgINT20, OrgINT1 ""Recruitment supported by"" PlotUS126",,,
558,PlotUS127,NYC Christmas Bomb Plot 2012,KH,inspired by awlaki's preachings,,,,
559,PlotUS128,Long Island AQAPSupport 2013,KH,,"OrgINT83 ""Recruitment supported by"" PlotUS128",,,
560,PlotUS129,Lahore Attack Financing 2009,KH,provided money for the attack on Pakistani intelligence in Lahore. (not in database) ,,,,
561,PlotUS13,Trial Leak 2004,KH,could not find specific links,,,,
562,PlotUS130,Boston Marathon Bombings 2013,KH,,"OrgINT20 ""Inspiration for"" PlotUS130",,,
,PlotUS130,Boston Marathon Bombings 2013,,,"OrgINT30, OrgINT83 ""Financially/Logistically supported by"" PlotUS130",,,
564,PlotUS132,DOD Infiltration Plot,KH,no specific links,,,,
565,PlotUS133,Operation Tobacco Road 2013,KH,,"OrgINT84, OrgINT44 ""Financially/Logistically supported by"" PlotUS133",,,
566,PlotUS134,Topsfield Weapons Cache 2013,KH,no links,,,,
567,PlotUS135,Attack Plot and Fundraising 2013,KH,,,,,
568,PlotUS136,Wichita Airport Truck Bomb 2013,KH,,"OrgINT83 ""Inspiration for"" PlotUS136",,,
569,PlotUS137,Al-Farooq Terrorism Funding 2003,KH,,"OrgINT20, OrgINT84 ""Financially/Logistically supported by"" PlotUS137",,,
570,PlotUS138,Fort Dix Plot 2007,KH,no specific links,,,,
571,PlotUS139,Hezbollah Rochester Fundraising 2007,KH,,"OrgINT44 ""Financially/Logistically supported by"" PlotUS139",,,
572,PlotUS14,Taliban Support US 2004,KH,,"OrgINT1""Financially/Logistically supported by"" PlotUS14",,,
573,PlotUS140,Dirty Bomb Plot 2002,KH,hard to say the specfici organizations this may have been connected to ,,,,
574,PlotUS141,South Florida Plot 2002,KH,no specific links,,,,
575,PlotUS142,US Hezbollah Support Cell 2003,KH,,"OrgINT44 ""Financially/Logistically supported by"" PlotUS142",,,
576,PlotUS143,Operation Pop Concert 2002,KH,,"OrgINT44 ""Financially/Logistically supported by"" PlotUS143",,,
577,PlotUS144,JIS LA Targets Plot 2005,KH,,"OrgUS36 ""Director of"" PlotUS144",,,
578,PlotUS145,Raleigh Jihad Recruitment 2009,KH,can't find specific links,,,,
579,PlotUS146,IMU Support 2013,KH,,"OrgINT81 ""Financially/Logistically supported by"" PlotUS146",,,
580,PlotUS147,Missile Sale 2003,KH,no specific links,,,,
581,PlotUS148,NY Republican National Committee Plot 2004,KH,,Islamic Thinker's Society [OrgUS32],,,
582,PlotUS149,US Al Manar/Hezbollah Material Support 2006,KH,,"OrgINT44 ""Financial/Logistical Supporter of"" PlotUS149",,,
583,PlotUS15,LeT US Fundraising Cell 2005,KH,,"OrgINT58 ""Financially/Logistically supported by"" PlotUS15",,,
584,PlotUS150,Inspire Magazine Editor 2011,KH,,"OrgINT20 ""Recruitment supported by"" PlotUS150",,,
,PlotUS150,Inspire Magazine Editor 2011,,,"OrgINT30""Financially/Logistically supported by"" PlotUS150",,,
585,PlotUS151,Terrorism Fundraising 2003,KH,,"OrgINT12 ""Financially/Logistically supported by"" PlotUS151",,,
586,PlotUS152,Ice Cream Business Terror Financing 2003,KH,,"OrgINT20, OrgINT84 ""Financially/Logistically supported by"" PlotUS152",,,
587,PlotUS153,Hizbollah Support Fraud Scheme 2004,KH,,"OrgINT44 ""Financially/Logistically supported by"" PlotUS153",,,
588,PlotUS154,IJU fundraising support 2012,KH,,"OrgINT89 ""Financially/Logistically supported by"" PlotUS154",,,
589,PlotUS155,Hizbollah Weapons Smuggling 2000,KH,,"OrgINT44 ""Financially/Logistically supported by"" PlotUS155",,,
590,PlotUS156,Hezbollah human trafficking 2002,KH,,"OrgINT44 ""Financially/Logistically supported by"" PlotUS156",,,
591,PlotUS157,Hamas Support 2004,KH,,"OrgINT84 ""Inspiration for"" PlotUS157",,,
592,PlotUS158,Houston Taliban Support and Training 2006,KH,,"OrgINT1 ""Financially/Logistically supported by"" PlotUS158",,,
593,PlotUS159,Hamdan Cell Hezbollah Material Support 2009,KH,,"OrgINT44 ""Financially/Logistically supported by"" PlotUS159",,,
594,PlotUS16,Hamas SAAR Fundraising 2002,KH,,"OrgINT84 ""Financially/Logistically supported by"" PlotUS16",,,
595,PlotUS160,Hassan Koumaiha Cell Hezbollah Material Support 2009,KH,,"OrgINT44 ""Financially/Logistically supported by"" PlotUS160",,,
596,PlotUS161,Sadek Koumaiha Cell Hezbollah Material Support 2009,KH,,"OrgINT44 ""Financially/Logistically supported by"" PlotUS161",,,
597,PlotUS162,Tres Hermanos Hezbollah Counterfeiting 2003,KH,,"OrgINT44 ""Financially/Logistically supported by"" PlotUS162",,,
598,PlotUS163,Alaska Pipeline Bomb Plot 2005,KH,no links,,,,
599,PlotUS164,Hezbollah Arms Purchases 2006,KH,,"OrgINT44 ""Financially/Logistically supported by"" PlotUS164",,,
600,PlotUS165,Virginia Jihad Network 2001,KH,,"OrgINT58, OrgINT20, and OrgINT1 ""Recruitment supported by"" PlotUS165",,,
601,PlotUS166,Infocom Hamas Funding 2001,KH,,"OrgINT84 ""Financially/Logistically supported by"" PlotUS166",,,
602,PlotUS167,Army Documents Leak 2006,KH,,"OrgINT20 ""Inspiration for"" PlotUS167",,,
603,PlotUS168,NYSE Bomb Plot 2010,KH,,"OrgINT20 ""Inspiration for"" PlotUS168",,,
604,PlotUS169,Informant assassination plot 2012,KH,no links,,,,
605,PlotUS17,Hezbollah US LaShish Fundraising 2005,KH,,"OrgINT44 ""Financially/Logistically supported by"" PlotUS17",,,
606,PlotUS170,Jacksonville Hezbollah Material Support 2004,KH,,"OrgINT44 ""Financially/Logistically supported by"" PlotUS170",,,
607,PlotUS171,Hezbollah Drug Trafficking Ring 2011,KH,,"OrgINT44 ""Financially/Logistically supported by"" PlotUS171",,,
608,PlotUS172,UNC Campus SUV Attack 2006,KH,no specific links,,,,
609,PlotUS173,Hezbollah Credit Card Fraud 2005,KH,,"OrgINT44 ""Financially/Logistically supported by"" PlotUS173",,,
610,PlotUS174,Hudson River Bomb Plot 2006,KH,,"OrgINT20 ""Inspiration for"" PlotUS174",,,
611,PlotUS175,Mini-Terror Cell 2010,KH,,"OrgINT20 ""Financially/Logistically supported by"" PlotUS175",,,
612,PlotUS176,South Park Creator Death Threats 2010,KH,,"OrgUS54 ""Financial/Logistical Supporter of"" PlotUS176",,,
613,PlotUS177,Care International Terror Financing 2005,KH,,"OrgINT25 ""Financially/Logistically supported by"" PlotUS177",,,
615,PlotUS179,Ohio Shopping Mall Bomb Plot 2003,KH,,"OrgINT20 ""Inspiration for"" PlotUS179",,,
617,PlotUS180,California AQ Support Cell 2005,KH,,"OrgINT20 ""Financially/Logistically supported by"" PlotUS180",,,
618,PlotUS181,AQ Terrorism Support 2006,KH,,"OrgINT20 ""Financially/Logistically supported by"" PlotUS181",,,
619,PlotUS182,Operation Smokescreen 2000,KH,,"OrgINT44 ""Financially/Logistically supported by"" PlotUS182",,,
620,PlotUS183,Minnesota Shabaab Fundraising 2009,KH,,"OrgINT70 ""Financially/Logistically supported by"" PlotUS183",,,
621,PlotUS184,Hezbollah NYC Material Support 2008,KH,,"OrgINT44 ""Financially/Logistically supported by"" PlotUS184",,,
622,PlotUS185,Food Stamp Fraud 2012,KH,,"OrgINT44 ""Financially/Logistically supported by"" PlotUS185",,,
624,PlotUS187,Fort Bragg Attack Plot 2013,KH,no specific links,,,,
625,PlotUS188,Oakland Bank of America Bomb Plot 2013,KH,,"OrgINT1 ""Inspiration for"" PlotUS188",,,
627,PlotUS19,Rahman Trial Leaks 2005,KH,no specifc org links,,,,
628,PlotUS190,SAAR Hamas Financing Network Raid 2002,KH,,"OrgINT84 ""Financially/Logistically supported by"" PlotUS190",,,
629,PlotUS191,Albany Stinger Plot 2004,KH,,"OrgINT56 ""Financially/Logistically supported by"" PlotUS191",,,"""Financially/Logistically supported by"""
630,PlotUS192,Florida Ansar al-Sharia Support 2013,KH,,"OrgINT22 ""Financially/Logistically supported by"" PlotUS192",,,
631,PlotUS193,Al-Shabaab Online Support 2009,KH,,"OrgINT70 ""Inspiration for"" PlotUS193",,,
632,PlotUS194,NYC Taliban Support 2013,KH,,"OrgINT1 ""Financially/Logistically supported by"" PlotUS194",,,
633,PlotUS195,Brooklyn ISIS Travel Plot 2015,KH,,"OrgINT41 ""Recruitment supported by"" PlotUS195",,,
634,PlotUS196,US Capitol Attack Plot 2015,KH,no specific links,,,,
635,PlotUS197,Bosnian Syria Support Cell 2015,KH,support for fighters in syria but it does not specify,,,,
636,PlotUS198,Queens Hatchet Attack 2014,KH,no specific links,,,,
637,PlotUS199,Fort Riley Suicide Plot 2015,KH,,"OrgINT41 ""Inspiration for"" PlotUS199",,,
638,PlotUS2,Fighter Recruitment 1998,KH,,"OrgINT20 ""Recruitment supported by"" PlotUS2",,,
639,PlotUS20,JFK Airport Plot 2007,KH,,"OrgUS34 ""Director of"" PlotUS20",,,
640,PlotUS200,Queens Propane Bomb Plot 2015,KH,,"OrgINT20 ""Inspiration for"" PlotUS200",,,
641,PlotUS201,Curtis Culwell Center Attack 2015,KH,no specific links,,,,
642,PlotUS202,Chattanooga Shooting 2015,KH,,"OrgINT41 ""Inspiration for"" PlotUS202",,,
739,PlotUS203,North Carolina Gun Robbery Plot 2015,KH,,"OrgINT41 ""Inspiration for"" PlotUS203",,,
740,PlotUS204,Boston Beheading 2015,KH,,"OrgINT41 ""Inspiration for"" PlotUS204",,,
643,PlotUS205,Centcom Twitter Hacking 2015,KH,,"OrgINT41 ""Inspiration for"" PlotUS205",,,
743,PlotUS206,Boston School Attacks 2015,KH,,"OrgINT41 ""Inspiration for"" PlotUS206",,,
744,PlotUS207,Illinois National Guard Base Attack 2015,KH,,"OrgINT41 ""Inspiration for"" PlotUS207",,,
741,PlotUS208,New York Law Enforcement Attack 2015,KH,,"OrgINT41 ""Financially/Logistically supported by"" PlotUS208",,,
747,PlotUS209,San Bernardino Shooting 2015,KH,,"OrgINT41 ""Inspiration for"" PlotUS209",,,
644,PlotUS21,Revolution Muslim 2008,KH,,"OrgUS32 ""Financially/Logistically supported by"" PlotUS21",,,
749,PlotUS210,Philadelphia Police Shooting 2016,KH,,"OrgINT41 ""Inspiration for"" PlotUS210",,,
757,PlotUS211,Pulse Nightclub Shooting 2016,KH,,"OrgINT41 ""Inspiration for"" PlotUS211",,,
768,PlotUS212,Chelsea bombing 2016,KH,,"OrgINT1 ""Inspiration for"" PlotUS212",,,
769,PlotUS213,Vaughn Foods Beheading 2014,KH,no links ,,,,
779,PlotUS214,Aventura Synagogue Bombing,KH,no links ,,,,
781,PlotUS215,Nazareth Restaurant and Deli 2016,KH,no links ,,,,
782,PlotUS216,ASPC-Lewis Bombing,KH,,"OrgINT41, OrgINT20 ""Inspiration for"" PlotUS216",,,
784,PlotUS217,ISIL Support Sting 2016,KH,,"OrgINT41 ""Inspiration for"" PlotUS217",,,
788,PlotUS218,Twin Cities Somali Cell 2016,KH,,"OrgINT41 ""Recruitment supported by"" PlotUS218",,,
789,PlotUS219,Ohio State Attack 2016,KH,no links,,,,
645,PlotUS22,Somali network Texas smuggling ring 2008,KH,,"OrgINT67, OrgINT69 ""Financial/Logistical Supporter of"" PlotUS22",,,
790,PlotUS220,LA New Years Subway Bombing 2013,KH,,"OrgINT41 ""Inspiration for"" PlotUS220",,,
794,PlotUS221,Fort Lauderdale Airport Shooting 2017,KH,no links,,,,
832,PlotUS222,D.C Sniper Attacks 2002,KH,no links,,,,
849,PlotUS223,West Side Highway Attack 2017,KH,,"OrgINT41 ""Inspiration for"" PlotUS223",,,
855,PlotUS224,Mall of America Knife Attack 2017,KH,,"OrgINT41 ""Inspiration for"" PlotUS228",,,
857,PlotUS225,New York City Bomb Plot 2016,KH,,"OrgINT41 ""Financial/Logistical Supporter of"" PlotUS224",,,
874,PlotUS226,Anaheim Fundraising-Support 2016,KH,,"OrgINT41 ""Financially/Logistically supported by"" PlotUS226",,,
896,PlotUS227,Gun Attack 2015,KH,,"OrgINT41 ""Financial/Logistical Supporter of"" PlotUS227",,,
906,PlotUS228,2017 New York Port Authority Bus Terminal Attack,KH,,"OrgINT41 ""Inspiration for"" PlotUS228",,,
917,PlotUS229,New Mexico Compound Plot 2018,KH,no links,,,,
934,PlotUS230,2016 St. Cloud Mall Stabbing,KH,,"OrgINT41 ""Claimed responsibility for"" PlotUS230",,,
943,PlotUS231,2019 Pensacola Naval Air Station Shooting,KH,no links,,,,
446,PlotUS232,Operation Rhyme 2004,KH,,"OrgINT20 ""Financial/Logistical Supporter of"" PlotUS232",,,
647,PlotUS24,Somali Network 2009,KH,,"OrgINT70 ""Recruitment supported by"" PlotUS24",,,
648,PlotUS25,Al-Haramain Islamic Foundation Fundraising plot 2010,KH,funnelled money to saudi arabia but not confirmed to which Org(s) or who. ,,,,
649,PlotUS26,Meir Kahane Assassination 1990,KH,,"OrgINT20 ""Financial/Logistical Supporter of"" PlotUS26",,,
650,PlotUS27,CIA Murders 1993,KH,no links,,,,
651,PlotUS28,WTC Bombing 1993,KH,supported by Org but can't find the specific ones. ,,,,
652,PlotUS29,Landmarks Plot 1993,KH,Coordinated with the WTC bombing [PlotUS28]. ,,,,
653,PlotUS3,CA AQ Cell 1999,KH,,"OrgUS16 ""Director of"" PlotUS3",,,
654,PlotUS30,Brooklyn Bridge Shooting 1994,KH,,"OrgINT44, OrgINT84 ""Financial/Logistical Supporter of"" PlotUS30",,,
655,PlotUS31,Abed Organized Crime Family 1997,KH,,"OrgINT84 ""Financially/Logistically supported by"" PlotUS31",,,
656,PlotUS32,Detroit Equipment 1998,KH,,"OrgINT44 ""Financially/Logistically supported by"" PlotUS32",,,
657,PlotUS33,9/11 Dry Run 1999,KH,dry run for another plot,,,,
658,PlotUS34,LAX/Millennium Plot 1999,KH,,"OrgINT20 ""Financial/Logistical Supporter of"" PlotUS34",,,
660,PlotUS36,Zig-Zag Counterfeit Cigarette Paper Case 2001,KH,,"OrgINT44 ""Financially/Logistically supported by"" PlotUS36",,,
661,PlotUS37,Galeria Page Fundraising 2001,KH,,"OrgINT44 ""Financially/Logistically supported by"" PlotUS37",,,
662,PlotUS38,AQ Logistics & Fundraising Support 2001,KH,,"OrgINT20 ""Financially/Logistically supported by"" PlotUS38",,,
663,PlotUS39,September 11 2001 Attacks,KH,,"OrgINT20 ""Director of"" PlotUS39",,,
664,PlotUS4,FL Funding / Recruitment Network 2000,KH,fundraising cell but no specificed Org(s),,,,
665,PlotUS40,Boston AQ Cell 2001,KH,,"OrgINT20 ""Recruiting for"" PlotUS40",,,
666,PlotUS41,Al-Marri Terror Financing 2001,KH,,"OrgINT20 ""Financially/Logistically supported by"" PlotUS41",,,
667,PlotUS42,Operation Mountain Express III 2002,KH,,"OrgINT44 ""Financially/Logistically supported by"" PlotUS42",,,
668,PlotUS43,Al-Kifah Fundraising 2002,KH,provided support and assistance for the 1993 WTC bombings. [PlotUS28],,,,
669,PlotUS44,Dearborn Cigarette Smuggling Case 2002,KH,,"OrgINT44 ""Financially/Logistically supported by"" PlotUS44",,,
670,PlotUS45,Water Supply Plot 2002,KH,no links,,,,
671,PlotUS46,LAX El-Al Counter Shooting 2002,KH,no links,,,,
672,PlotUS47,AQ Oregon Training camp 2002,KH,,"OrgINT20 ""Recruiting for"" PlotUS47",,,
673,PlotUS48,Lackawanna 6 2002,KH,,"OrgUS4 ""Financially/Logistically supported by"" PlotUS48",,,
674,PlotUS49,Hong Kong Stinger Plot 2002,KH,,"OrgINT1 ""Financially/Logistically supported by"" PlotUS49",,,
675,PlotUS5,US Embassies in Singapore and Philippines 2001,KH,,"OrgINT20 ""Director of"" PlotUS5",,,
677,PlotUS51,Stolen Infant Formula Financing Ring 2003,KH,not sure which Org they were financing money for. ,,,,
678,PlotUS52,Brooklyn Bridge Blowtorch plot 2003,KH,no links,,,,
679,PlotUS53,Global Relief Foundation Foundraising 2003,KH,has the same wording as PlotUS55 but not sure if they are the same.,"OrgINT21 ""Financially/Logistically supported by"" PlotUS53",,,
680,PlotUS54,Al-Hussayen Al-Haramain Support 2004,KH,,"OrgINT20 ""Inspiration for"" PlotUS54",,,
681,PlotUS55,Hamas Holy Land Foundation Fundraising 2004,KH,,"OrgINT21 ""Financial/Logistical Supporter of"" PlotUS55",,,
682,PlotUS56,Ittihad al-Islamiya Material Support 2004,KH,,"OrgINT69 ""Financially/Logistically supported by"" PlotUS56",,,
683,PlotUS57,US troops in Iraq Attack Plot 2006,KH,provided support but unsure for which exact Org (s),,,,
684,PlotUS58,Hezbollah Financing 2006,KH,,"OrgINT44 ""Financially/Logistically supported by"" PlotUS58",,,
685,PlotUS59,Sears Tower Plot 2006,KH,no links,,,,
686,PlotUS6,AQ Fundraising 2001,KH,no links ,,,,
687,PlotUS60,Jewish Center Shooting in Seattle 2006,KH,no links,,,,
688,PlotUS61,HAZMAT Trucks Unknown Plot 2006,KH,no links ,,,,
689,PlotUS62,IL Mall Bomb Plot 2006,KH,no links,,,,
691,PlotUS64,NY AQ Fundraising 2007,KH,funding for camps but unsure of the exact Org. ,,,,
692,PlotUS65,Ohio Terrorism Training and Support 2007,KH,recruitment for PlotUS179,,,,
693,PlotUS66,Jamaat Islamiyah Terrorism Funding 2007,KH,,"OrgINT65, OrgINT104 ""Financially/Logistically supported by"" PlotUS66",,,
694,PlotUS67,Explosives Cell 2007,KH,no links,,,,
695,PlotUS68,Dearborn Park Arrest 2007,KH,,"OrgINT44 ""Inspiration for"" PlotUS68",,,
696,PlotUS69,Operation Cash-Out 2007,KH,,"OrgINT20 ""Financially/Logistically supported by"" PlotUS69",,,
697,PlotUS7,Benevolence International Foundation 2002,KH,,"OrgINT20 ""Financially/Logistically supported by"" PlotUS7",,,
698,PlotUS70,Operation Bell Bottoms 2007,KH,no links,,,,
699,PlotUS71,Long Island Rail Road Plot 2008,KH,no links,,,,
700,PlotUS72,Weapons Smuggling Iraq/Mexico 2008,KH,,"OrgINT44 ""Financially/Logistically supported by"" PlotUS72",,,
701,PlotUS73,Newburgh Plot 2009,KH,no links,,,,
702,PlotUS74,Little Rock Recruiting Office Shooting 2009,KH,,"OrgINT38 ""Director of"" PlotUS74",,,
703,PlotUS75,NYC Subway Plot 2009,KH,,,,,
704,PlotUS76,Dallas Skyscraper Plot 2009,KH,no links,,,,
705,PlotUS77,Springfield IL Bomb Plot 2009,KH,no links,,,,
706,PlotUS78,Lars Vilks Assassination 2009,KH,,"OrgINT20 ""Director of"" PlotUS78",,,
707,PlotUS79,Sudbury Mall plot 2009,KH,no proven links,,,,
708,PlotUS8,Portland 7 2002,KH,no links,,,,
709,PlotUS80,Fort Hood Attack 2009,KH,,"OrgINT41 ""Inspiration for"" PlotUS80",,,
710,PlotUS81,DC Five 2009,KH,no links,,,,
711,PlotUS82,Christmas Day NW252 bombing attempt 2009,KH,,"OrgINT20 ""Claims responsibility for"" PlotUS82",,,
712,PlotUS83,Chicago Stadium Plot 2010,KH,no links,,,,
713,PlotUS84,Times Square Bomb 2010,KH,,"OrgINT61 ""Claims responsibility for"" PlotUS84",,,
714,PlotUS85,Houston AQAP support 2010,KH,,"OrgINT20 ""Financially/Logistically supported by"" PlotUS85",,,
715,PlotUS86,Toledo Hezbollah Fundraising 2010,KH,,"OrgINT44 ""Financially/Logistically supported by"" PlotUS86",,,
717,PlotUS88,Alaska Terror Targets 2010,KH,no links,,,,
718,PlotUS89,Wrigley Field Bomb Plot 2010,KH,no links,,,,
720,PlotUS90,DC Metro Bomb Plot 2010,KH,,"OrgINT20 ""Inspiration for"" PlotUS90",,,
721,PlotUS91,Cargo Planes Bomb Plot 2010,KH,,"OrgINT83 ""Director of"" PlotUS91",,,
722,PlotUS92,San Diego Shabaab Fundraising 2010,KH,,"OrgINT70 ""Financially/Logistically supported by"" PlotUS92",,,
723,PlotUS93,Missouri Al-Shabaab Fundraising 2010,KH,,"OrgINT70 ""Financially/Logistically supported by"" PlotUS93",,,
724,PlotUS94,Portland Christmas Tree Bombing 2010,KH,no proven links,,,,
725,PlotUS95,Facebook DC Metro Threats 2010,KH,no links,,,,
726,PlotUS96,Baltimore Army Recruitment Center Bomb Plot 2010,KH,no links,,,,
727,PlotUS97,Western Union Fraud Terrorism Funding 2011,KH,,"OrgINT20 ""Financially/Logistically supported by"" PlotUS97",,,
728,PlotUS98,Online incitement - Begolly 2011,KH,no links,,,,
729,PlotUS99,George W Bush Targeting 2011,KH,,"OrgINT20 ""Inspiration for"" PlotUS99",,,
,PlotINT73,,,,"OrgINT117 ""Financial/Logistical Supporter of"" PlotINT73",,,